"Coordinate","Identifier","Family","Common_Name"
"p01-r01-c01","AT1G68150","WRKY","ATWRKY9"
"p01-r01-c02","AT1G47760","MADS","AGL102"
"p01-r01-c03","AT1G55600","WRKY","MINI3"
"p01-r01-c04","AT3G14020","CCAAT","NF-YA6"
"p01-r01-c05","AT4G18470","ND","SNI1"
"p01-r01-c06","AT5G60890","MYB","ATR1"
"p01-r01-c07","AT5G06500","MADS","AGL96"
"p01-r01-c08","AT3G02310","MADS","AGL4"
"p01-r01-c09","AT2G24430","NAC","ANAC039"
"p01-r01-c10","AT2G42830","MADS","AGL5"
"p01-r01-c11","AT5G26650","MADS","AGL36"
"p01-r01-c12","AT1G65360","MADS","AGL23"
"p01-r01-c13","AT1G60920","MADS","AGL55"
"p01-r01-c14","AT3G30260","MADS","AGL79"
"p01-r01-c15","AT1G60880","MADS","AGL56"
"p01-r01-c16","AT2G34440","MADS","AGL29"
"p01-r01-c17","AT3G24050","C2C2-GATA","GATA1"
"p01-r01-c18","AT5G27910","CCAAT","NF-YC8"
"p01-r01-c19","AT2G37430","C2H2","ZAT11"
"p01-r01-c20","AT3G30530","bZIP","ATBZIP42"
"p01-r01-c21","AT5G04340","C2H2","AtZAT6"
"p01-r01-c22","AT5G38800","bZIP","AtbZIP43"
"p01-r01-c23","AT4G25470","AP2-EREBP","DREB1C"
"p01-r01-c24","AT3G12250","bZIP","BZIP45"
"p01-r02-c01","AT5G48250","C2C2-CO-like","BBX8"
"p01-r02-c02","AT3G15030","TCP","MEE35"
"p01-r02-c03","AT4G09450","MYB-related","AT4G09450"
"p01-r02-c04","AT2G47460","MYB","PFG1"
"p01-r02-c05","AT1G72450","ZIM","TIFY11B"
"p01-r02-c06","AT5G44160","C2H2","AtIDD8"
"p01-r02-c07","AT2G42680","MBF1","MBF1A"
"p01-r02-c08","AT2G33480","NAC","ANAC041"
"p01-r02-c09","AT4G01250","WRKY","AtWRKY22"
"p01-r02-c10","AT3G12720","MYB","MYB67"
"p01-r02-c11","AT2G36990","SIGMA70-like","SOLDAT8"
"p01-r02-c12","AT4G31800","WRKY","WRKY18"
"p01-r02-c13","AT2G47210","MYB-related","ATSWC4"
"p01-r02-c14","AT2G25900","C3H","ATTZF1"
"p01-r02-c15","AT2G25650","GeBP","GPL1"
"p01-r02-c16","AT3G23240","AP2-EREBP","ERF1B"
"p01-r02-c17","AT1G25560","AP2-EREBP","EDF1"
"p01-r02-c18","AT3G47620","TCP","AtTCP14"
"p01-r02-c19","AT3G07670","SET","AT3G07670"
"p01-r02-c20","AT3G04420","NAC","ANAC048"
"p01-r02-c21","AT1G04950","ND","ATTAF6"
"p01-r02-c22","AT3G13810","C2H2","AtIDD11"
"p01-r02-c23","AT1G72010","TCP","TCP22"
"p01-r02-c24","AT5G09790","PHD","PDE336"
"p01-r03-c01","AT5G42910","bZIP","AT5G42910"
"p01-r03-c02","AT2G04038","bZIP","AtbZIP48"
"p01-r03-c03","AT4G14550","AUX-IAA","IAA14"
"p01-r03-c04","AT3G17609","bZIP","HYH"
"p01-r03-c05","AT2G46990","AUX-IAA","IAA20"
"p01-r03-c06","AT5G06839","bZIP","bZIP65"
"p01-r03-c07","AT4G11880","MADS","AGL14"
"p01-r03-c08","AT1G48000","MYB","MYB112"
"p01-r03-c09","AT3G57230","MADS","AGL16"
"p01-r03-c10","AT1G25340","MYB","AtMYB116"
"p01-r03-c11","AT2G22630","MADS","AGL17"
"p01-r03-c12","AT3G27785","MYB","MYB118"
"p01-r03-c13","AT5G10140","MADS","FLC"
"p01-r03-c14","AT3G30210","MYB","MYB121"
"p01-r03-c15","AT5G65050","MADS","MAF2"
"p01-r03-c16","AT5G35550","MYB","TT2"
"p01-r03-c17","AT5G23260","MADS","TT16"
"p01-r03-c18","AT5G02320","MYB","ATMYB3R5"
"p01-r03-c19","AT5G62165","MADS","AGL42"
"p01-r03-c20","AT5G62320","MYB","ATMYB99"
"p01-r03-c21","AT5G40220","MADS","AGL43"
"p01-r03-c22","AT2G36890","MYB","RAX2"
"p01-r03-c23","AT5G39750","MADS","EMB3008"
"p01-r03-c24","AT4G25560","MYB","AtMYB18"
"p01-r04-c01","AT5G67300","MYB","MYBR1"
"p01-r04-c02","AT5G06960","bZIP","OBF5"
"p01-r04-c03","AT4G30080","ARF","ARF16"
"p01-r04-c04","AT4G13980","HSF","AT-HSFA5"
"p01-r04-c05","AT5G08520","MYB","AT5G08520"
"p01-r04-c06","AT3G17860","ZIM","JAZ3"
"p01-r04-c07","AT3G14180","TRIHELIX","ASIL2"
"p01-r04-c08","AT4G28140","AP2-EREBP","AT4G28140"
"p01-r04-c09","AT1G42990","bZIP","ATBZIP60"
"p01-r04-c10","AT3G50060","MYB","MYB77"
"p01-r04-c11","AT4G10240","Orphans","bbx23"
"p01-r04-c12","AT2G39900","LIM","WLIM2a"
"p01-r04-c13","AT2G46270","bZIP","GBF3"
"p01-r04-c14","AT4G02590","bHLH","UNE12"
"p01-r04-c15","AT4G29190","C3H","AtC3H49"
"p01-r04-c16","AT4G18020","ARR-B","PRR2"
"p01-r04-c17","AT4G27410","NAC","AtRD26"
"p01-r04-c18","AT4G14410","bHLH","bHLH104"
"p01-r04-c19","AT3G10480","NAC","ANAC050"
"p01-r04-c20","AT4G00180","C2C2-YABBY","YAB3"
"p01-r04-c21","AT1G68550","AP2-EREBP","CRF10"
"p01-r04-c22","AT1G04990","C3H","AT1G04990"
"p01-r04-c23","AT2G41835","C2H2","AT2G41835"
"p01-r04-c24","AT3G13350","ARID","AT3G13350"
"p01-r05-c01","AT1G09530","bHLH","PIF3"
"p01-r05-c02","AT1G71450","AP2-EREBP","FUF1"
"p01-r05-c03","AT3G05200","ND","ATL6"
"p01-r05-c04","AT5G01200","MYB","AT5G01200"
"p01-r05-c05","AT2G42360","ND","AT2G42360"
"p01-r05-c06","AT3G10590","MYB","AT3G10590"
"p01-r05-c07","AT4G11680","ND","AT4G11680"
"p01-r05-c08","AT3G61250","MYB","LMI2"
"p01-r05-c09","AT1G63840","ND","AT1G63840"
"p01-r05-c10","AT3G10580","MYB-related","AT3G10580"
"p01-r05-c11","AT2G20180","bHLH","PIF1"
"p01-r05-c12","AT1G71030","MYB-related","ATMYBL2"
"p01-r05-c13","AT2G22750","bHLH","AT2G22750"
"p01-r05-c14","AT5G26660","MYB","ATMYB86"
"p01-r05-c15","AT4G37730","bZIP","AtbZIP7"
"p01-r05-c16","AT4G11250","MADS","AGL52"
"p01-r05-c17","AT5G24800","bZIP","BZIP9"
"p01-r05-c18","AT5G41200","MADS","AGL75"
"p01-r05-c19","AT2G22760","bHLH","AT2G22760"
"p01-r05-c20","AT1G65330","MADS","PHE1"
"p01-r05-c21","AT5G10030","bZIP","TGA4"
"p01-r05-c22","AT1G13450","TRIHELIX","GT-1"
"p01-r05-c23","AT4G36900","AP2-EREBP","RAP2.10"
"p01-r05-c24","AT1G49560","G2-like","AT1G49560"
"p01-r06-c01","AT5G39760","zf-HD","ZHD10"
"p01-r06-c02","AT5G52010","C2H2","AT5G52010"
"p01-r06-c03","AT2G44150","SET","SDG7"
"p01-r06-c04","AT3G12480","CCAAT","NF-YC11"
"p01-r06-c05","AT1G50420","GRAS","SCL3"
"p01-r06-c06","AT5G03740","C2H2","HD2C"
"p01-r06-c07","AT5G44260","C3H","AtTZF5"
"p01-r06-c08","AT1G14920","GRAS","RGA2"
"p01-r06-c09","AT1G51140","bHLH","AKS1"
"p01-r06-c10","AT2G29580","C3H","MAC5B"
"p01-r06-c11","AT4G39100","PHD","SHL1"
"p01-r06-c12","AT3G01470","HB","HD-ZIP-1"
"p01-r06-c13","AT5G39610","NAC","ANAC092"
"p01-r06-c14","AT2G31370","bZIP","PosF21"
"p01-r06-c15","AT1G27360","SBP","SPL11"
"p01-r06-c16","AT1G21000","PLATZ","AT1G21000"
"p01-r06-c17","AT2G31230","AP2-EREBP","ATERF15"
"p01-r06-c18","AT5G58620","C3H","TZF9"
"p01-r06-c19","AT5G65320","bHLH","AT5G65320"
"p01-r06-c20","AT4G35550","HB","HB-4"
"p01-r06-c21","AT5G57660","C2C2-CO-like","ATCOL5"
"p01-r06-c22","AT3G45260","C2H2","BIB"
"p01-r06-c23","AT1G53160","SBP","SPL4"
"p01-r06-c24","AT4G18880","HSF","AT-HSFA4A"
"p01-r07-c01","AT1G80580","AP2-EREBP","AT1G80580"
"p01-r07-c02","AT1G68320","MYB","BW62B"
"p01-r07-c03","AT3G56970","bHLH","ORG2"
"p01-r07-c04","AT2G40260","G2-like","AT2G40260"
"p01-r07-c05","AT4G30980","bHLH","LRL2"
"p01-r07-c06","AT3G27920","MYB","GL1"
"p01-r07-c07","AT1G01720","NAC","ATAF1"
"p01-r07-c08","AT5G56110","MYB","MS188"
"p01-r07-c09","AT3G18400","NAC","ANAC058"
"p01-r07-c10","AT5G56840","MYB-related","AT5G56840"
"p01-r07-c11","AT5G22380","NAC","NAC090"
"p01-r07-c12","AT1G15580","AUX-IAA","IAA5"
"p01-r07-c13","AT5G67060","bHLH","HEC1"
"p01-r07-c14","AT3G23140","C2H2","URO"
"p01-r07-c15","AT2G41240","bHLH","BHLH100"
"p01-r07-c16","AT3G58070","C2H2","GIS"
"p01-r07-c17","AT5G59340","HB","WOX2"
"p01-r07-c18","AT5G53040","RWP-RK","RKD4"
"p01-r07-c19","AT5G45980","HB","WOX9B"
"p01-r07-c20","AT2G41130","bHLH","STC8"
"p01-r07-c21","AT3G62100","AUX-IAA","IAA30"
"p01-r07-c22","AT3G56770","bHLH","AT3G56770"
"p01-r07-c23","AT1G67260","TCP","TCP1"
"p01-r07-c24","AT3G56980","bHLH","bHLH39"
"p01-r08-c01","AT3G11440","MYB","MYB65"
"p01-r08-c02","AT1G01010","NAC","NAC001"
"p01-r08-c03","AT5G22570","WRKY","WRKY38"
"p01-r08-c04","AT2G46310","AP2-EREBP","CRF5"
"p01-r08-c05","AT1G24625","C2H2","ZFP7"
"p01-r08-c06","AT1G77080","MADS","FLM"
"p01-r08-c07","AT2G42400","VOZ","VOZ2"
"p01-r08-c08","AT5G15800","MADS","44805"
"p01-r08-c09","AT5G47640","CCAAT","NF-YB2"
"p01-r08-c10","AT4G30410","bHLH","IBL1"
"p01-r08-c11","AT3G44460","bZIP","AtbZIP67"
"p01-r08-c12","AT2G27990","HB","BLH8"
"p01-r08-c13","AT4G09460","MYB","MYB6"
"p01-r08-c14","AT1G55520","ND","TBP2"
"p01-r08-c15","AT2G18300","bHLH","HBI1"
"p01-r08-c16","AT1G03840","C2H2","MGP"
"p01-r08-c17","AT5G28640","GIF","GIF"
"p01-r08-c18","AT3G29035","NAC","ANAC059"
"p01-r08-c19","AT3G15510","NAC","ANAC056"
"p01-r08-c20","AT3G58120","bZIP","BZIP61"
"p01-r08-c21","AT3G48160","E2F-DP","DEL1"
"p01-r08-c22","AT2G46130","WRKY","WRKY43"
"p01-r08-c23","AT1G69690","TCP","AtTCP15"
"p01-r08-c24","AT1G08780","ND","PFD4"
"p01-r09-c01","AT5G41030","TCP","AT5G41030"
"p01-r09-c02","AT1G22490","bHLH","bHLH094"
"p01-r09-c03","AT1G35560","TCP","TCP23"
"p01-r09-c04","AT5G53210","bHLH","SPCH"
"p01-r09-c05","AT5G08070","TCP","TCP17"
"p01-r09-c06","AT3G57920","SBP","SPL15"
"p01-r09-c07","AT1G69180","C2C2-YABBY","CRC"
"p01-r09-c08","AT1G49120","AP2-EREBP","CRF9"
"p01-r09-c09","AT1G08465","C2C2-YABBY","YAB2"
"p01-r09-c10","AT3G57600","AP2-EREBP","AT3G57600"
"p01-r09-c11","AT5G64060","NAC","NAC103"
"p01-r09-c12","AT3G60490","AP2-EREBP","AT3G60490"
"p01-r09-c13","AT3G50650","GRAS","AT3G50650"
"p01-r09-c14","AT4G27950","AP2-EREBP","CRF4"
"p01-r09-c15","AT1G66600","WRKY","WRKY63"
"p01-r09-c16","AT5G11190","AP2-EREBP","SHN2"
"p01-r09-c17","AT4G35610","C2H2","AT4G35610"
"p01-r09-c18","AT2G47270","bHLH","UPB1"
"p01-r09-c19","AT4G35280","C2H2","DAZ2"
"p01-r09-c20","AT3G50410","C2C2-DOF","OBP1"
"p01-r09-c21","AT5G05410","AP2-EREBP","DREB2"
"p01-r09-c22","AT1G35490","bZIP","AT1G35490"
"p01-r09-c23","AT3G16280","AP2-EREBP","AT3G16280"
"p01-r09-c24","AT4G26150","C2C2-GATA","CGA1"
"p01-r10-c01","AT2G28510","C2C2-DOF","AT2G28510"
"p01-r10-c02","AT1G15360","AP2-EREBP","SHN1"
"p01-r10-c03","AT2G47810","CCAAT","NF-YB5"
"p01-r10-c04","AT5G14000","NAC","ANAC084"
"p01-r10-c05","AT4G16610","C2H2","AT4G16610"
"p01-r10-c06","AT4G32890","C2C2-GATA","GATA9"
"p01-r10-c07","AT4G01060","MYB-related","ETC3"
"p01-r10-c08","AT4G36570","MYB-related","ATRL3"
"p01-r10-c09","AT5G25190","AP2-EREBP","ESE3"
"p01-r10-c10","AT2G25000","WRKY","WRKY60"
"p01-r10-c11","AT2G03470","MYB-related","AT2G03470"
"p01-r10-c12","AT5G05090","G2-like","AT5G05090"
"p01-r10-c13","AT1G08810","MYB","AtMYB60"
"p01-r10-c14","AT5G02470","E2F-DP","DPA"
"p01-r10-c15","AT4G17785","MYB","MYB39"
"p01-r10-c16","AT1G69170","SBP","AtSPL6"
"p01-r10-c17","AT4G16780","HB","ATHB2"
"p01-r10-c18","AT3G15270","SBP","SPL5"
"p01-r10-c19","AT5G67580","MYB-related","TBP3"
"p01-r10-c20","AT3G57480","C2H2","AT3G57480"
"p01-r10-c21","AT1G23380","HB","KNAT6L"
"p01-r10-c22","AT1G25470","AP2-EREBP","CRF12"
"p01-r10-c23","AT4G31610","ABI3-VP1","ATREM1"
"p01-r10-c24","AT3G55530","ND","SDIR1"
"p01-r11-c01","AT4G32980","HB","ATH1"
"p01-r11-c02","AT5G25830","C2C2-GATA","GATA12"
"p01-r11-c03","AT4G34610","HB","BLH6"
"p01-r11-c04","AT1G16530","LOB","ASL9"
"p01-r11-c05","AT3G12820","MYB","AtMYB10"
"p01-r11-c06","AT1G07900","LOB","LBD1"
"p01-r11-c07","AT1G79180","MYB","ATMYB63"
"p01-r11-c08","AT2G28500","LOB","LBD11"
"p01-r11-c09","AT3G21880","C2C2-CO-like","BBX10"
"p01-r11-c10","AT2G42430","LOB","ASL18"
"p01-r11-c11","AT2G47890","C2C2-CO-like","AT2G47890"
"p01-r11-c12","AT2G45410","LOB","LBD19"
"p01-r11-c13","AT5G61420","MYB","HAG1"
"p01-r11-c14","AT2G45420","LOB","LBD18"
"p01-r11-c15","AT5G06800","G2-like","AT5G06800"
"p01-r11-c16","AT3G47870","LOB","LBD27"
"p01-r11-c17","AT5G45580","G2-like","AT5G45580"
"p01-r11-c18","AT1G06280","LOB","LBD2"
"p01-r11-c19","AT1G17950","MYB","MYB52"
"p01-r11-c20","AT5G15830","bZIP","AtbZIP3"
"p01-r11-c21","AT5G21120","EIL","EIL2"
"p01-r11-c22","AT1G06070","bZIP","bZIP69"
"p01-r11-c23","AT1G73410","MYB","ATMYB54"
"p01-r11-c24","AT4G30180","bHLH","AT4G30180"
"p01-r12-c01","AT3G58630","TRIHELIX","AT3G58630"
"p01-r12-c02","AT2G47260","WRKY","ATWRKY23"
"p01-r12-c03","AT2G38880","CCAAT","ATNF-YB1"
"p01-r12-c04","AT1G75390","bZIP","bZIP44"
"p01-r12-c05","AT5G47370","HB","HAT2"
"p01-r12-c06","AT5G62920","Orphans","ARR6"
"p01-r12-c07","AT5G45420","MYB","maMYB"
"p01-r12-c08","AT3G54390","TRIHELIX","AT3G54390"
"p01-r12-c09","AT3G25710","bHLH","BHLH32"
"p01-r12-c10","AT1G30650","WRKY","AR411"
"p01-r12-c11","AT5G42780","zf-HD","ZHD13"
"p01-r12-c12","AT5G60200","C2C2-DOF","TMO6"
"p01-r12-c13","AT5G04390","C2H2","AT5G04390"
"p01-r12-c14","AT5G65410","zf-HD","ZFHD2"
"p01-r12-c15","AT1G69120","MADS","AP1"
"p01-r12-c16","AT3G50750","BES1","BEH1"
"p01-r12-c17","AT4G16141","C2C2-GATA","GATA17L"
"p01-r12-c18","AT3G46640","G2-like","LUX"
"p01-r12-c19","AT3G02790","C2H2","MBS1"
"p01-r12-c20","AT1G72830","CCAAT","ATHAP2C"
"p01-r12-c21","AT5G28770","bZIP","AtbZIP63"
"p01-r12-c22","AT5G41570","WRKY","WRKY24"
"p01-r12-c23","AT2G41940","C2H2","ZFP8"
"p01-r12-c24","AT5G43700","AUX-IAA","IAA4"
"p01-r13-c01","AT3G04450","G2-like","AT3G04450"
"p01-r13-c02","AT5G03790","HB","ATHB51"
"p01-r13-c03","AT2G20400","G2-like","AT2G20400"
"p01-r13-c04","AT1G26590","C2H2","AT1G26590"
"p01-r13-c05","AT1G60250","Orphans","BBX26"
"p01-r13-c06","AT1G26610","C2H2","AT1G26610"
"p01-r13-c07","AT4G39070","Orphans","BZS1"
"p01-r13-c08","AT1G51220","C2H2","AtWIP5"
"p01-r13-c09","AT1G01060","MYB-related","LHY1"
"p01-r13-c10","AT2G26940","C2H2","AT2G26940"
"p01-r13-c11","AT2G28920","ND","AT2G28920"
"p01-r13-c12","AT3G10470","C2H2","AT3G10470"
"p01-r13-c13","AT4G31580","ND","SRZ-22"
"p01-r13-c14","AT5G22990","C2H2","AT5G22990"
"p01-r13-c15","AT4G21040","C2C2-DOF","DOF4.3"
"p01-r13-c16","AT4G01720","WRKY","WRKY47"
"p01-r13-c17","AT3G52440","C2C2-DOF","AT3G52440"
"p01-r13-c18","AT5G15130","WRKY","ATWRKY72"
"p01-r13-c19","AT1G21340","C2C2-DOF","AT1G21340"
"p01-r13-c20","AT3G27650","LOB","LBD25"
"p01-r13-c21","AT2G17900","ND","ASHR1"
"p01-r13-c22","AT1G05710","ND","AT1G05710"
"p01-r13-c23","AT4G31680","ABI3-VP1","AT4G31680"
"p01-r13-c24","AT3G13445","ND","TFIID-1"
"p01-r14-c01","AT5G60850","C2C2-DOF","AtDOF5.4"
"p01-r14-c02","AT5G24110","WRKY","WRKY30"
"p01-r14-c03","AT3G49530","NAC","ANAC062"
"p01-r14-c04","AT3G45610","C2C2-DOF","DOF6"
"p01-r14-c05","AT4G30935","WRKY","WRKY32"
"p01-r14-c06","AT2G38340","AP2-EREBP","DREB19"
"p01-r14-c07","AT3G51960","bZIP","ATBZIP24"
"p01-r14-c08","AT4G11660","HSF","HSFB2B"
"p01-r14-c09","AT2G45800","LIM","PLIM2a"
"p01-r14-c10","AT1G14900","ND","HMGA"
"p01-r14-c11","AT1G30500","CCAAT","NF-YA7"
"p01-r14-c12","AT5G65790","MYB","ATMYB68"
"p01-r14-c13","AT1G66140","C2H2","ZFP4"
"p01-r14-c14","AT1G26260","bHLH","CIB5"
"p01-r14-c15","AT1G78700","BES1","BEH4"
"p01-r14-c16","AT3G49940","LOB","LBD38"
"p01-r14-c17","AT3G50260","AP2-EREBP","DEAR1"
"p01-r14-c18","AT1G66470","bHLH","RHD6"
"p01-r14-c19","AT3G51880","HMG","HMGB1"
"p01-r14-c20","AT5G07680","NAC","NAC080"
"p01-r14-c21","AT5G13180","NAC","VNI2"
"p01-r14-c22","AT3G60390","HB","HAT3"
"p01-r14-c23","AT2G30580","ND","DRIP2"
"p01-r14-c24","AT5G24590","NAC","ANAC091"
"p01-r15-c01","AT3G11580","ABI3-VP1","SOD7"
"p01-r15-c02","AT1G06040","Orphans","BBX24"
"p01-r15-c03","AT2G44910","HB","HB4"
"p01-r15-c04","AT2G36930","C2H2","AT2G36930"
"p01-r15-c05","AT1G20700","HB","WOX14"
"p01-r15-c06","AT3G19290","bZIP","AtAREB2"
"p01-r15-c07","AT5G52020","AP2-EREBP","AT5G52020"
"p01-r15-c08","AT2G40620","bZIP","bZIP18"
"p01-r15-c09","AT4G06746","AP2-EREBP","RAP2.9"
"p01-r15-c10","AT2G33550","TRIHELIX","ASR3"
"p01-r15-c11","AT1G64380","AP2-EREBP","AT1G64380"
"p01-r15-c12","AT3G13040","G2-like","AT3G13040"
"p01-r15-c13","AT3G25890","AP2-EREBP","CRF11"
"p01-r15-c14","AT3G51080","C2C2-GATA","GATA6"
"p01-r15-c15","AT3G61910","NAC","NAC066"
"p01-r15-c16","AT1G08290","C2H2","WIP3"
"p01-r15-c17","AT3G44350","NAC","ANAC061"
"p01-r15-c18","AT2G31380","Orphans","BBX25"
"p01-r15-c19","AT1G35515","MYB","MYB8"
"p01-r15-c20","AT1G21200","TRIHELIX","AT1G21200"
"p01-r15-c21","AT1G17310","MADS","AT1G17310"
"p01-r15-c22","AT1G13260","AP2-EREBP","AtRAV1"
"p01-r15-c23","AT3G53340","CCAAT","NF-YB10"
"p01-r15-c24","AT1G74840","MYB-related","AT1G74840"
"p01-r16-c01","AT2G18670","ND","AT2G18670"
"p01-r16-c02","AT2G01570","GRAS","RGA"
"p01-r16-c03","AT3G61550","ND","AT3G61550"
"p01-r16-c04","AT2G42200","SBP","SPL9"
"p01-r16-c05","AT2G06200","GRF","GRF6"
"p01-r16-c06","AT5G63790","NAC","NAC102"
"p01-r16-c07","AT1G69780","HB","ATHB13"
"p01-r16-c08","AT2G30250","WRKY","WRKY25"
"p01-r16-c09","AT1G08970","CCAAT","NF-YC9"
"p01-r16-c10","AT4G01580","ABI3-VP1","AT4G01580"
"p01-r16-c11","AT3G10030","TRIHELIX","AT3G10030"
"p01-r16-c12","AT4G00850","GIF","GIF3"
"p01-r16-c13","AT1G27370","SBP","SPL10"
"p01-r16-c14","AT5G19280","FHA","RAG1"
"p01-r16-c15","AT3G20310","AP2-EREBP","ERF7"
"p01-r16-c16","AT3G62690","ND","ATL5"
"p01-r16-c17","AT1G13300","G2-like","HRS1"
"p01-r16-c18","AT3G09370","MYB","MYB3R-3"
"p01-r16-c19","AT3G11200","ALFIN-like","AL2"
"p01-r16-c20","AT2G45050","C2C2-GATA","GATA2"
"p01-r16-c21","AT3G04030","G2-like","MYR2"
"p01-r16-c22","AT1G76710","SET","ASHH1"
"p01-r16-c23","AT3G12730","G2-like","AT3G12730"
"p01-r16-c24","AT2G17560","HMG","NFD4"
"p02-r01-c01","AT2G01650","C2H2","PUX2"
"p02-r01-c02","AT5G51780","bHLH","AT5G51780"
"p02-r01-c03","AT3G47640","bHLH","PYE"
"p02-r01-c04","AT1G14580","C2H2","AT1G14580"
"p02-r01-c05","AT3G03750","SET","SUVR3"
"p02-r01-c06","AT4G38000","C2C2-DOF","DOF4.7"
"p02-r01-c07","AT4G11070","WRKY","WRKY41"
"p02-r01-c08","AT2G31220","bHLH","bHLH010"
"p02-r01-c09","AT1G51600","C2C2-GATA","ZML2"
"p02-r01-c10","AT1G19210","AP2-EREBP","ERF017"
"p02-r01-c11","AT5G29000","G2-like","PHL1"
"p02-r01-c12","AT1G57560","MYB","MYB50"
"p02-r01-c13","AT4G38960","Orphans","BBX19"
"p02-r01-c14","AT1G29160","C2C2-DOF","COG1"
"p02-r01-c15","AT3G20670","CCAAT","HTA13"
"p02-r01-c16","AT5G06950","bZIP","AtTGA2"
"p02-r01-c17","AT4G34410","AP2-EREBP","ERF109"
"p02-r01-c18","AT1G17460","MYB-related","TRFL3"
"p02-r01-c19","AT2G02060","G2-like","AT2G02060"
"p02-r01-c20","AT2G44940","AP2-EREBP","AT2G44940"
"p02-r01-c21","AT4G09180","bHLH","FBH2"
"p02-r01-c22","AT1G10120","bHLH","CIB4"
"p02-r01-c23","AT4G25400","bHLH","AT4G25400"
"p02-r01-c24","AT3G50700","C2H2","AtIDD2"
"p02-r02-c01","AT5G43170","C2H2","AZF3"
"p02-r02-c02","AT2G34720","CCAAT","NF-YA4"
"p02-r02-c03","AT1G59940","Orphans","ARR3"
"p02-r02-c04","AT1G74930","AP2-EREBP","ORA47"
"p02-r02-c05","AT4G11140","AP2-EREBP","CRF1"
"p02-r02-c06","AT3G55730","MYB","AtMYB109"
"p02-r02-c07","AT4G00050","bHLH","UNE10"
"p02-r02-c08","AT5G66730","C2H2","ENY"
"p02-r02-c09","AT2G04890","GRAS","SCL21"
"p02-r02-c10","AT1G56170","CCAAT","HAP5B"
"p02-r02-c11","AT5G13910","AP2-EREBP","LEP"
"p02-r02-c12","AT3G16500","AUX-IAA","PAP1"
"p02-r02-c13","AT1G01780","LIM","PLIM2b"
"p02-r02-c14","AT2G24790","C2C2-CO-like","BBX4"
"p02-r02-c15","AT1G77250","PHD","AT1G77250"
"p02-r02-c16","AT5G53420","Orphans/","AT5G53420"
"p02-r02-c17","AT2G24260","bHLH","LRL1"
"p02-r02-c18","AT5G49450","bZIP","bZIP1"
"p02-r02-c19","AT2G25620","DBP","DBP1"
"p02-r02-c20","AT4G01680","MYB","AtMYB55"
"p02-r02-c21","AT5G61590","AP2-EREBP","DEWAX"
"p02-r02-c22","AT5G63470","CCAAT","NF-YC4"
"p02-r02-c23","AT5G54070","HSF","HSFA9"
"p02-r02-c24","AT2G20880","AP2-EREBP","AtERF53"
"p02-r03-c01","AT4G28110","MYB","MYB41"
"p02-r03-c02","AT3G23250","MYB","MYB15"
"p02-r03-c03","AT2G22850","bZIP","AtbZIP6"
"p02-r03-c04","AT1G69810","WRKY","ATWRKY36"
"p02-r03-c05","AT1G69490","NAC","NAP"
"p02-r03-c06","AT1G13600","bZIP","AtbZIP58"
"p02-r03-c07","AT3G53200","MYB","AtMYB27"
"p02-r03-c08","AT5G50480","CCAAT","NF-YC6"
"p02-r03-c09","AT5G59820","C2H2","ZAT12"
"p02-r03-c10","AT1G45249","bZIP","AtABF2"
"p02-r03-c11","AT3G47120","C3H","AT3G47120"
"p02-r03-c12","AT2G36270","bZIP","DPBF1"
"p02-r03-c13","AT4G31420","C2H2","REIL1"
"p02-r03-c14","AT5G60970","TCP","TCP5"
"p02-r03-c15","AT1G22190","AP2-EREBP","RAP2.4"
"p02-r03-c16","AT5G61600","AP2-EREBP","ERF104"
"p02-r03-c17","AT1G80840","WRKY","ATWRKY40"
"p02-r03-c18","AT4G14560","AUX-IAA","AXR5"
"p02-r03-c19","AT1G46480","HB","WOX4"
"p02-r03-c20","AT1G49720","bZIP","ABF1"
"p02-r03-c21","AT1G67100","LOB","LBD40"
"p02-r03-c22","AT2G46770","NAC","NST1"
"p02-r03-c23","AT2G46870","ABI3-VP1","NGA1"
"p02-r03-c24","AT2G35530","bZIP","AtbZIP16"
"p02-r04-c01","AT3G49850","MYB-related","TRB3"
"p02-r04-c02","AT3G28910","MYB","MYB30"
"p02-r04-c03","AT4G16430","bHLH","JAM3"
"p02-r04-c04","AT2G21230","bZIP","bZIP30"
"p02-r04-c05","AT5G25160","C2H2","ZFP3"
"p02-r04-c06","AT4G36240","C2C2-GATA","GATA7"
"p02-r04-c07","AT1G25580","NAC","SOG1"
"p02-r04-c08","AT5G65210","bZIP","TGA1"
"p02-r04-c09","AT1G21450","GRAS","SCL1"
"p02-r04-c10","AT3G48590","CCAAT","HAP5A"
"p02-r04-c11","AT3G02830","C3H","ZFN1"
"p02-r04-c12","AT5G54230","MYB","MYB49"
"p02-r04-c13","AT3G07740","MYB-related","HAC10"
"p02-r04-c14","AT3G47500","C2C2-DOF","CDF3"
"p02-r04-c15","AT3G61830","ARF","ARF18"
"p02-r04-c16","AT5G58850","MYB","MYB119"
"p02-r04-c17","AT5G44080","bZIP","AT5G44080"
"p02-r04-c18","AT2G20825","ULT","ULT2"
"p02-r04-c19","AT3G61460","ND","BRH1"
"p02-r04-c20","AT5G39860","bHLH","BHLH136"
"p02-r04-c21","AT1G47870","E2F-DP","E2FC"
"p02-r04-c22","AT2G16210","ABI3-VP1","REM24"
"p02-r04-c23","AT1G27650","C3H","ATU2AF35A"
"p02-r04-c24","AT1G31630","MADS","AGL86"
"p02-r05-c01","AT5G66320","C2C2-GATA","GATA5"
"p02-r05-c02","AT5G16560","G2-like","KAN"
"p02-r05-c03","AT4G11080","HMG","3xHMG-box1"
"p02-r05-c04","AT5G53950","NAC","CUC2"
"p02-r05-c05","AT1G78080","AP2-EREBP","AtWIND1"
"p02-r05-c06","AT5G43290","WRKY","WRKY49"
"p02-r05-c07","AT2G37000","TCP","AT2G37000"
"p02-r05-c08","AT1G73830","bHLH","BEE3"
"p02-r05-c09","AT3G21150","Orphans","AtBBX32"
"p02-r05-c10","AT3G21330","bHLH","AT3G21330"
"p02-r05-c11","AT3G16770","AP2-EREBP","ERF72"
"p02-r05-c12","AT1G08010","C2C2-GATA","GATA11"
"p02-r05-c13","AT1G54330","NAC","NAC020"
"p02-r05-c14","AT5G67110","bHLH","ALC"
"p02-r05-c15","AT1G08000","C2C2-GATA","GATA10"
"p02-r05-c16","AT1G66230","MYB","MYB20"
"p02-r05-c17","AT4G36540","bHLH","BEE2"
"p02-r05-c18","AT1G02210","NAC","AT1G02210"
"p02-r05-c19","AT1G53170","AP2-EREBP","ATERF-8"
"p02-r05-c20","AT1G62975","bHLH","AT1G62975"
"p02-r05-c21","AT1G26960","HB","AtHB23"
"p02-r05-c22","AT1G71260","PBF-2-like","WHY2"
"p02-r05-c23","AT4G37790","HB","HAT22"
"p02-r05-c24","AT2G35910","ND","AT2G35910"
"p02-r06-c01","AT5G16470","C2H2","MBS2"
"p02-r06-c02","AT1G75520","SRS","SRS5"
"p02-r06-c03","AT1G58100","TCP","TCP8"
"p02-r06-c04","AT3G16160","CPP","AT3G16160"
"p02-r06-c05","AT4G10350","NAC","BRN2"
"p02-r06-c06","AT2G01370","GeBP","AT2G01370"
"p02-r06-c07","AT3G20910","CCAAT","NF-YA9"
"p02-r06-c08","AT1G68240","bHLH","AT1G68240"
"p02-r06-c09","AT5G56860","C2C2-GATA","GNC"
"p02-r06-c10","AT2G02540","zf-HD","ZFHD4"
"p02-r06-c11","AT5G66160","ND","ATRMR1"
"p02-r06-c12","AT1G19790","SRS","SRS7"
"p02-r06-c13","AT5G20900","ZIM","JAZ12"
"p02-r06-c14","AT1G48500","ZIM","AtJAZ4"
"p02-r06-c15","AT3G23690","bHLH","CIL2"
"p02-r06-c16","AT4G18770","MYB","AtMYB98"
"p02-r06-c17","AT1G74410","ND","AT1G74410"
"p02-r06-c18","AT4G27330","NOZZLE","NZZ"
"p02-r06-c19","AT5G23090","CCAAT","NF-YB13"
"p02-r06-c20","AT4G00130","GeBP","AT4G00130"
"p02-r06-c21","AT3G27940","LOB","LBD26"
"p02-r06-c22","AT3G06120","bHLH","MUTE"
"p02-r06-c23","AT4G22950","MADS","GL19"
"p02-r06-c24","AT2G28610","HB","PRS1"
"p02-r07-c01","AT2G34600","ZIM","TIFY5B"
"p02-r07-c02","AT5G18270","NAC","ANAC087"
"p02-r07-c03","AT1G51060","CCAAT","HTA10"
"p02-r07-c04","AT1G16640","ABI3-VP1","AT1G16640"
"p02-r07-c05","AT4G18390","TCP","TCP2"
"p02-r07-c06","AT3G26744","bHLH","ICE1"
"p02-r07-c07","AT5G13080","WRKY","WRKY75"
"p02-r07-c08","AT3G02990","HSF","ATHSFA1E"
"p02-r07-c09","AT1G52830","AUX-IAA","SHY1"
"p02-r07-c10","AT4G35700","C2H2","DAZ3"
"p02-r07-c11","AT3G10595","MYB","AT3G10595"
"p02-r07-c12","AT3G43440","ZIM","JAZ11"
"p02-r07-c13","AT3G60670","PLATZ","AT3G60670"
"p02-r07-c14","AT5G18450","AP2-EREBP","AT5G18450"
"p02-r07-c15","AT2G40470","LOB","LBD15"
"p02-r07-c16","AT3G62260","DBP","AT3G62260"
"p02-r07-c17","AT5G55690","MADS","AT5G55690"
"p02-r07-c18","AT3G23050","AUX-IAA","IAA7"
"p02-r07-c19","AT3G17600","AUX-IAA","IAA31"
"p02-r07-c20","AT5G54640","CCAAT","HTA1"
"p02-r07-c21","AT1G71692","MADS","XAL1"
"p02-r07-c22","AT4G17460","HB","HAT1"
"p02-r07-c23","AT5G21960","AP2-EREBP","AT5G21960"
"p02-r07-c24","AT3G03760","LOB","LBD20"
"p02-r08-c01","AT5G40880","C3H","AT5G40880"
"p02-r08-c02","AT4G01260","GeBP","AT4G01260"
"p02-r08-c03","AT5G07690","MYB","MYB29"
"p02-r08-c04","AT4G09820","bHLH","AtTT8"
"p02-r08-c05","AT2G01930","BBR-BPC","ATBPC1"
"p02-r08-c06","AT4G00232","GeBP","AT4G00232"
"p02-r08-c07","AT5G08190","CCAAT","NF-YB12"
"p02-r08-c08","AT1G68200","C3H","AtC3H15"
"p02-r08-c09","AT2G37120","S1Fa-like","AT2G37120"
"p02-r08-c10","AT1G72570","AP2-EREBP","AT1G72570"
"p02-r08-c11","AT5G17240","SET","SDG40"
"p02-r08-c12","AT1G77980","MADS","AGL66"
"p02-r08-c13","AT4G33450","MYB","ATMYB69"
"p02-r08-c14","AT1G74480","RWP-RK","URP4"
"p02-r08-c15","AT1G05805","bHLH","AKS2"
"p02-r08-c16","AT1G59530","bZIP","bZIP4"
"p02-r08-c17","AT3G07650","C2C2-CO-like","COL9"
"p02-r08-c18","AT2G27220","HB","BLH5"
"p02-r08-c19","AT1G14410","PBF-2-like","PTAC1"
"p02-r08-c20","AT1G77200","AP2-EREBP","AT1G77200"
"p02-r08-c21","AT4G00270","GeBP","GeBP"
"p02-r08-c22","AT4G28500","NAC","NAC073"
"p02-r08-c23","AT1G61660","bHLH","AtbHLH112"
"p02-r08-c24","AT5G09780","ABI3-VP1","REM25"
"p02-r09-c01","AT1G51190","AP2-EREBP","PLT2"
"p02-r09-c02","AT2G21530","FHA","AT2G21530"
"p02-r09-c03","AT5G45710","HSF","AT-HSFA4C"
"p02-r09-c04","AT1G24580","ND","AT1G24580"
"p02-r09-c05","AT3G53310","ABI3-VP1","AT3G53310"
"p02-r09-c06","AT2G31180","MYB","MYB14"
"p02-r09-c07","AT5G46710","PLATZ","AT5G46710"
"p02-r09-c08","AT5G12840","CCAAT","NF-YA1"
"p02-r09-c09","AT5G65130","AP2-EREBP","WIND4"
"p02-r09-c10","AT5G07310","AP2-EREBP","ERF115"
"p02-r09-c11","AT4G00220","LOB","JLO"
"p02-r09-c12","AT5G06070","C2H2","RBE"
"p02-r09-c13","AT1G22640","MYB","ATMYB3"
"p02-r09-c14","AT1G04370","AP2-EREBP","ATERF14"
"p02-r09-c15","AT3G04070","NAC","NAC047"
"p02-r09-c16","AT1G75490","AP2-EREBP","AT1G75490"
"p02-r09-c17","AT1G31320","LOB","LBD4"
"p02-r09-c18","AT5G05610","ALFIN-like","AL1"
"p02-r09-c19","AT5G46590","NAC","ANAC096"
"p02-r09-c20","AT5G15160","bHLH","BHLH134"
"p02-r09-c21","AT4G39780","AP2-EREBP","AT4G39780"
"p02-r09-c22","AT1G54140","ND","TAFII21"
"p02-r09-c23","AT2G13570","CCAAT","NF-YB7"
"p02-r09-c24","AT2G41070","bZIP","EEL"
"p02-r10-c01","AT2G31210","bHLH","bHLH091"
"p02-r10-c02","AT1G25330","bHLH","CES"
"p02-r10-c03","AT5G56900","C3H","AT5G56900"
"p02-r10-c04","AT5G60130","ABI3-VP1","AT5G60130"
"p02-r10-c05","AT3G61970","ABI3-VP1","NGA2"
"p02-r10-c06","AT1G12630","AP2-EREBP","AT1G12630"
"p02-r10-c07","AT2G33860","ARF","ARF3"
"p02-r10-c08","AT1G28160","AP2-EREBP","AT1G28160"
"p02-r10-c09","AT4G20280","ND","TAF11"
"p02-r10-c10","AT3G19184","ABI3-VP1","AT3G19184"
"p02-r10-c11","AT2G42040","Orphans","AT2G42040"
"p02-r10-c12","AT4G15248","Orphans","BBX30"
"p02-r10-c13","AT1G19510","MYB-related","RL5"
"p02-r10-c14","AT4G36590","MADS","AT4G36590"
"p02-r10-c15","AT1G67030","C2H2","ZFP6"
"p02-r10-c16","AT2G18328","MYB-related","RL4"
"p02-r10-c17","AT2G23760","HB","BLH4"
"p02-r10-c18","AT5G07700","MYB","AtMYB76"
"p02-r10-c19","AT2G34140","C2C2-DOF","CDF4"
"p02-r10-c20","AT5G67411","GRAS","AT5G67411"
"p02-r10-c21","AT4G13480","MYB","MYB79"
"p02-r10-c22","AT2G12646","PLATZ","AT2G12646"
"p02-r10-c23","AT3G11280","MYB","AT3G11280"
"p02-r10-c24","AT5G04150","bHLH","BHLH101"
"p02-r11-c01","AT2G30340","LOB","LBD13"
"p02-r11-c02","AT1G72350","MADS","AT1G72350"
"p02-r11-c03","AT2G45190","C2C2-YABBY","YAB1"
"p02-r11-c04","AT4G23550","WRKY","ATWRKY29"
"p02-r11-c05","AT1G54690","CCAAT","H2AXB"
"p02-r11-c06","AT3G06380","TUB","ATTLP9"
"p02-r11-c07","AT4G17810","C2H2","AT4G17810"
"p02-r11-c08","AT1G14350","MYB","AtMYB124"
"p02-r11-c09","AT3G49950","GRAS","AT3G49950"
"p02-r11-c10","AT2G27300","NAC","ANAC040"
"p02-r11-c11","AT1G58110","bZIP","AT1G58110"
"p02-r11-c12","AT4G18890","BES1","BEH3"
"p02-r11-c13","AT5G44210","AP2-EREBP","ATERF-9"
"p02-r11-c14","AT4G01280","MYB-related","AT4G01280"
"p02-r11-c15","AT1G71130","AP2-EREBP","CRF8"
"p02-r11-c16","AT3G55080","SET","AT3G55080"
"p02-r11-c17","AT4G24540","MADS","AGL24"
"p02-r11-c18","AT5G53200","MYB-related","TRY"
"p02-r11-c19","AT1G23420","C2C2-YABBY","INO"
"p02-r11-c20","AT3G02940","MYB","MYB107"
"p02-r11-c21","AT2G33310","AUX-IAA","IAA13"
"p02-r11-c22","AT5G14750","MYB","MYB66"
"p02-r11-c23","AT3G23030","AUX-IAA","IAA2"
"p02-r11-c24","AT3G15170","NAC","CUC1"
"p02-r12-c01","AT1G43700","bZIP","SUE3"
"p02-r12-c02","AT5G43840","HSF","HSFA6A"
"p02-r12-c03","AT3G54430","SRS","SRS6"
"p02-r12-c04","AT5G23000","MYB","ATMYB37"
"p02-r12-c05","AT5G17490","GRAS","RGL3"
"p02-r12-c06","AT5G51990","AP2-EREBP","CBF4"
"p02-r12-c07","AT1G28370","AP2-EREBP","ERF11"
"p02-r12-c08","AT5G25470","ABI3-VP1","AT5G25470"
"p02-r12-c09","AT2G22670","AUX-IAA","IAA8"
"p02-r12-c10","AT5G35900","LOB","LBD35"
"p02-r12-c11","AT2G03710","MADS","44808"
"p02-r12-c12","AT2G46970","bHLH","PIL1"
"p02-r12-c13","AT3G60530","C2C2-GATA","GATA4"
"p02-r12-c14","AT5G58340","MYB-related","AT5G58340"
"p02-r12-c15","AT5G47230","AP2-EREBP","ERF5"
"p02-r12-c16","AT4G22700","LOB","LBD32"
"p02-r12-c17","AT3G57800","bHLH","AT3G57800"
"p02-r12-c18","AT2G36340","GeBP","GPL3"
"p02-r12-c19","AT1G14030","SET","LSMT-L"
"p02-r12-c20","AT3G56520","NAC","AT3G56520"
"p02-r12-c21","AT2G45680","TCP","TCP9"
"p02-r12-c22","AT3G26620","LOB","LBD23"
"p02-r12-c23","AT3G01330","E2F-DP","E2FF"
"p02-r12-c24","AT5G23650","MYB","AT5G23650"
"p02-r13-c01","AT5G15840","C2C2-CO-like","BBX1"
"p02-r13-c02","AT5G38140","CCAAT","NF-YC12"
"p02-r13-c03","AT4G35570","HMG","HMGD"
"p02-r13-c04","AT1G50640","AP2-EREBP","ERF3"
"p02-r13-c05","AT1G62990","HB","KNAT7"
"p02-r13-c06","AT5G53290","AP2-EREBP","CRF3"
"p02-r13-c07","AT4G25440","C3H","ZFWD1"
"p02-r13-c08","AT1G75250","MYB-related","ATRL6"
"p02-r13-c09","AT1G74430","MYB","MYB95"
"p02-r13-c10","AT5G62380","NAC","NAC101"
"p02-r13-c11","AT1G04240","AUX-IAA","SHY2"
"p02-r13-c12","AT1G12260","NAC","NAC007"
"p02-r13-c13","AT4G29080","AUX-IAA","PAP2"
"p02-r13-c14","AT4G02640","bZIP","BZO2H1"
"p02-r13-c15","AT1G49480","ABI3-VP1","RTV1"
"p02-r13-c16","AT5G26210","ALFIN-like","AL4"
"p02-r13-c17","AT5G23405","HMG","AT5G23405"
"p02-r13-c18","AT1G10480","C2H2","ZFP5"
"p02-r13-c19","AT5G59570","G2-like","BOA"
"p02-r13-c20","AT5G57520","C2H2","ZFP2"
"p02-r13-c21","AT5G46690","bHLH","bHLH071"
"p02-r13-c22","AT1G19860","C3H","AT1G19860"
"p02-r13-c23","AT1G03800","AP2-EREBP","ERF10"
"p02-r13-c24","AT3G46090","C2H2","ZAT7"
"p02-r14-c01","AT5G25890","AUX-IAA","IAA28"
"p02-r14-c02","AT5G15480","C2H2","AT5G15480"
"p02-r14-c03","AT2G19810","C3H","AtOZF1"
"p02-r14-c04","AT5G50470","CCAAT","NF-YC7"
"p02-r14-c05","AT4G17500","AP2-EREBP","AtERF#100"
"p02-r14-c06","AT1G10200","LIM","WLIM1"
"p02-r14-c07","AT3G28920","zf-HD","ZHD9"
"p02-r14-c08","AT3G44750","C2H2","HDA3"
"p02-r14-c09","AT2G24500","C2H2","REIL2"
"p02-r14-c10","AT2G18350","zf-HD","ZHD6"
"p02-r14-c11","AT1G06850","bZIP","AtbZIP52"
"p02-r14-c12","AT3G44785","C3H","AT3G44785"
"p02-r14-c13","AT2G31070","TCP","TCP10"
"p02-r14-c14","AT5G18300","NAC","NAC088"
"p02-r14-c15","AT1G28360","AP2-EREBP","ERF12"
"p02-r14-c16","AT5G43540","C2H2","AT5G43540"
"p02-r14-c17","AT4G36990","HSF","ATHSF4"
"p02-r14-c18","AT1G07050","Orphans/","AT1G07050"
"p02-r14-c19","AT4G40060","HB","ATHB16"
"p02-r14-c20","AT1G47655","C2C2-DOF","AT1G47655"
"p02-r14-c21","AT4G27900","Orphans/","AT4G27900"
"p02-r14-c22","AT1G49475","ABI3-VP1","AT1G49475"
"p02-r14-c23","AT2G40140","C3H","CZF1"
"p02-r14-c24","AT1G04445","C2H2","AT1G04445"
"p02-r15-c01","AT2G35000","ND","ATL9"
"p02-r15-c02","AT4G32040","HB","KNAT5"
"p02-r15-c03","AT4G16750","AP2-EREBP","AT4G16750"
"p02-r15-c04","AT5G42630","G2-like","KAN4"
"p02-r15-c05","AT3G15540","AUX-IAA","IAA19"
"p02-r15-c06","AT2G31720","ND","AT2G31720"
"p02-r15-c07","AT1G29280","WRKY","ATWRKY65"
"p02-r15-c08","AT5G43270","SBP","SPL2"
"p02-r15-c09","AT4G28190","ULT","ULT1"
"p02-r15-c10","AT5G24520","ND","TTG1"
"p02-r15-c11","AT3G09230","MYB","SRM1"
"p02-r15-c12","AT2G20350","AP2-EREBP","AT2G20350"
"p02-r15-c13","AT5G15210","zf-HD","ATHB30"
"p02-r15-c14","AT3G01970","WRKY","WRKY45"
"p02-r15-c15","AT2G35310","ABI3-VP1","REM23"
"p02-r15-c16","AT1G06180","MYB","ATMYB13"
"p02-r15-c17","AT1G01520","MYB-related","ASG4"
"p02-r15-c18","AT2G41710","AP2-EREBP","AT2G41710"
"p02-r15-c19","AT5G26950","MADS","AGL93"
"p02-r15-c20","AT3G08500","MYB","AtMYB83"
"p02-r15-c21","AT4G13620","AP2-EREBP","AT4G13620"
"p02-r15-c22","AT1G09030","CCAAT","NF-YB4"
"p02-r15-c23","AT3G53600","C2H2","AT3G53600"
"p02-r15-c24","AT4G36930","bHLH","SPT"
"p02-r16-c01","AT1G03040","bHLH","AT1G03040"
"p02-r16-c02","AT1G10470","Orphans","ATRR1"
"p02-r16-c03","AT4G05100","MYB","MYB74"
"p02-r16-c04","AT2G31310","LOB","LBD14"
"p02-r16-c05","AT4G28610","G2-like","AtPHR1"
"p02-r16-c06","AT2G40670","Orphans","ARR16"
"p02-r16-c07","AT5G66750","SNF2","CHR1"
"p02-r16-c08","AT4G17900","PLATZ","AT4G17900"
"p02-r16-c09","AT3G61890","HB","ATHB-12"
"p02-r16-c10","AT5G09240","Coactivator","AT5G09240"
"p02-r16-c11","AT5G04410","NAC","ANAC078"
"p02-r16-c12","AT1G03150","GNAT","AT1G03150"
"p02-r16-c13","AT1G54830","CCAAT","NF-YC3"
"p02-r16-c14","AT1G03650","GNAT","AT1G03650"
"p02-r16-c15","AT1G18710","MYB","AtMYB47"
"p02-r16-c16","AT1G24040","GNAT","AT1G24040"
"p02-r16-c17","AT5G12870","MYB","ATMYB46"
"p02-r16-c18","AT1G26220","GNAT","AT1G26220"
"p02-r16-c19","AT2G33710","AP2-EREBP","AT2G33710"
"p02-r16-c20","AT2G32030","GNAT","AT2G32030"
"p02-r16-c21","AT4G01460","bHLH","AT4G01460"
"p02-r16-c22","AT5G11340","GNAT","AT5G11340"
"p02-r16-c23","AT1G68520","C2C2-CO-like","BBX14"
"p02-r16-c24","AT5G15770","GNAT","AtGNA1"
"p03-r01-c01","AT3G22560","GNAT","AT3G22560"
"p03-r01-c02","AT3G50890","zf-HD","HB28"
"p03-r01-c03","AT1G54760","ND","AGL85"
"p03-r01-c04","AT5G23420","HMG","HMGB6"
"p03-r01-c05","AT5G03500","MED7","MED7B"
"p03-r01-c06","AT2G40350","AP2-EREBP","AT2G40350"
"p03-r01-c07","AT2G30424","MYB-related","TCL2"
"p03-r01-c08","AT4G21080","C2C2-DOF","DOF4.5"
"p03-r01-c09","AT3G17730","NAC","NAC057"
"p03-r01-c10","AT3G05800","bHLH","AIF1"
"p03-r01-c11","AT5G64530","NAC","ANAC104"
"p03-r01-c12","AT3G17100","bHLH","AIF3"
"p03-r01-c13","AT5G19910","SOH1","MED31"
"p03-r01-c14","AT3G12130","C3H","AT3G12130"
"p03-r01-c15","AT2G14880","SWI/SNF-BAF60b","AT2G14880"
"p03-r01-c16","AT1G76510","ARID","AT1G76510"
"p03-r01-c17","AT2G35605","SWI/SNF-BAF60b","AT2G35605"
"p03-r01-c18","AT5G57420","AUX-IAA","IAA33"
"p03-r01-c19","AT3G48600","SWI/SNF-BAF60b","AT3G48600"
"p03-r01-c20","AT1G11490","C2H2","AT1G11490"
"p03-r01-c21","AT1G12440","zf-AN1","AT1G12440"
"p03-r01-c22","AT1G68360","C2H2","GIS3"
"p03-r01-c23","AT3G28917","zf-HD","MIF2"
"p03-r01-c24","AT2G28710","C2H2","AT2G28710"
"p03-r02-c01","AT5G43250","CCAAT","NF-YC13"
"p03-r02-c02","AT5G14960","E2F-DP","E2L1"
"p03-r02-c03","AT5G03720","HSF","HSFA3"
"p03-r02-c04","AT5G51790","bHLH","AT5G51790"
"p03-r02-c05","AT5G09330","NAC","NAC082"
"p03-r02-c06","AT5G60440","MADS","AGL62"
"p03-r02-c07","AT5G15150","HB","ATHB3"
"p03-r02-c08","AT2G17770","bZIP","FDP"
"p03-r02-c09","AT1G01030","ABI3-VP1","NGA3"
"p03-r02-c10","AT2G35430","C3H","AT2G35430"
"p03-r02-c11","AT1G02065","SBP","SPL8"
"p03-r02-c12","AT5G13780","GNAT","NAA10"
"p03-r02-c13","AT1G05690","TRAF","BT3"
"p03-r02-c14","AT5G16800","GNAT","AT5G16800"
"p03-r02-c15","AT1G68510","LOB","LBD42"
"p03-r02-c16","AT1G62085","mTERF","AT1G62085"
"p03-r02-c17","AT2G24700","ABI3-VP1","AT2G24700"
"p03-r02-c18","AT1G62110","mTERF","AT1G62110"
"p03-r02-c19","AT2G36400","GRF","AtGRF3"
"p03-r02-c20","AT1G79580","NAC","ANAC033"
"p03-r02-c21","AT3G04380","SET","SDG31"
"p03-r02-c22","AT1G06920","OFP","ATOFP4"
"p03-r02-c23","AT3G07220","FHA","AtFHA2"
"p03-r02-c24","AT3G52525","OFP","ATOFP6"
"p03-r03-c01","AT1G74950","ZIM","TIFY10B"
"p03-r03-c02","AT3G09290","C2H2","TAC1"
"p03-r03-c03","AT1G26945","ND","PRE6"
"p03-r03-c04","AT3G49930","C2H2","AT3G49930"
"p03-r03-c05","AT1G51200","zf-AN1","AT1G51200"
"p03-r03-c06","AT1G64000","WRKY","WRKY56"
"p03-r03-c07","AT1G60240","ND","AT1G60240"
"p03-r03-c08","AT1G66550","WRKY","ATWRKY67"
"p03-r03-c09","AT1G32540","zf-LSD1","LOL1"
"p03-r03-c10","AT3G58710","WRKY","WRKY69"
"p03-r03-c11","AT3G14700","SART-1","AT3G14700"
"p03-r03-c12","AT4G23810","WRKY","ATWRKY53"
"p03-r03-c13","AT3G28857","HLH","PRE5"
"p03-r03-c14","AT5G01900","WRKY","WRKY62"
"p03-r03-c15","AT3G46580","MBD","MBD5"
"p03-r03-c16","AT2G22770","bHLH","NAI1"
"p03-r03-c17","AT4G19630","ND","AT4G19630"
"p03-r03-c18","AT1G14685","BBR-BPC","ATBPC2"
"p03-r03-c19","AT4G20380","zf-LSD1","LSD1"
"p03-r03-c20","AT1G29950","ND","AT1G29950"
"p03-r03-c21","AT4G22745","MBD","MBD1"
"p03-r03-c22","AT3G22100","bHLH","AT3G22100"
"p03-r03-c23","AT4G22820","zf-AN1","AT4G22820"
"p03-r03-c24","AT4G29100","ND","AT4G29100"
"p03-r04-c01","AT3G09735","S1Fa-like","AT3G09735"
"p03-r04-c02","AT2G32550","RCD1-like","AT2G32550"
"p03-r04-c03","AT3G50870","C2C2-GATA","GATA18"
"p03-r04-c04","AT3G11090","LOB","LBD21"
"p03-r04-c05","AT3G51470","DBP","AT3G51470"
"p03-r04-c06","AT3G11260","HB","WOX5B"
"p03-r04-c07","AT3G59470","FAR1","FRF1"
"p03-r04-c08","AT2G01940","C2H2","SGR5"
"p03-r04-c09","AT3G54610","GNAT","HAG01"
"p03-r04-c10","AT5G01860","C2H2","AT5G01860"
"p03-r04-c11","AT4G19985","GNAT","AT4G19985"
"p03-r04-c12","AT5G14010","C2H2","KNU"
"p03-r04-c13","AT3G18870","mTERF","AT3G18870"
"p03-r04-c14","AT3G58190","LOB","LBD29"
"p03-r04-c15","AT2G03050","mTERF","EMB93"
"p03-r04-c16","AT5G67420","LOB","ASL39"
"p03-r04-c17","AT5G23930","mTERF","AT5G23930"
"p03-r04-c18","AT1G04880","ARID","AT1G04880"
"p03-r04-c19","AT5G07900","mTERF","AT5G07900"
"p03-r04-c20","AT1G27660","ND","AT1G27660"
"p03-r04-c21","AT5G08790","NAC","ATAF2"
"p03-r04-c22","AT2G31730","ND","AT2G31730"
"p03-r04-c23","AT2G18500","OFP","OFP7"
"p03-r04-c24","AT2G40200","bHLH","AT2G40200"
"p03-r05-c01","AT4G00416","ND","MBD3"
"p03-r05-c02","AT1G03350","BSD","AT1G03350"
"p03-r05-c03","AT4G12040","zf-AN1","AtSAP7"
"p03-r05-c04","AT1G10720","BSD","AT1G10720"
"p03-r05-c05","AT5G18037","ND","AT5G18037"
"p03-r05-c06","AT2G23320","WRKY","AtWRKY15"
"p03-r05-c07","AT5G27810","ND","AT5G27810"
"p03-r05-c08","AT3G58680","MBF1","MBF1B"
"p03-r05-c09","AT5G27944","MADS","AT5G27944"
"p03-r05-c10","AT2G47900","TUB","AtTLP3"
"p03-r05-c11","AT5G59800","ND","MBD7"
"p03-r05-c12","AT5G18090","ABI3-VP1","AT5G18090"
"p03-r05-c13","AT2G44745","WRKY","WRKY12"
"p03-r05-c14","AT1G64620","C2C2-DOF","DOF1.8"
"p03-r05-c15","AT5G52830","WRKY","WRKY27"
"p03-r05-c16","AT4G12240","C2H2","AT4G12240"
"p03-r05-c17","AT4G04450","WRKY","AtWRKY42"
"p03-r05-c18","AT1G75080","BES1","BZR1"
"p03-r05-c19","AT2G37260","WRKY","TTG2"
"p03-r05-c20","AT1G53910","AP2-EREBP","RAP2.12"
"p03-r05-c21","AT1G21970","CCAAT","EMB 212"
"p03-r05-c22","AT1G15720","MYB-related","TRFL5"
"p03-r05-c23","AT1G48150","MADS","AT1G48150"
"p03-r05-c24","AT1G79430","G2-like","WDY"
"p03-r06-c01","AT3G20800","RCD1-like","AT3G20800"
"p03-r06-c02","AT4G00870","bHLH","AT4G00870"
"p03-r06-c03","AT1G80400","ND","AT1G80400"
"p03-r06-c04","AT1G30970","C2H2","SUF4"
"p03-r06-c05","AT4G22360","SWI/SNF-BAF60b","AT4G22360"
"p03-r06-c06","AT5G49520","WRKY","ATWRKY48"
"p03-r06-c07","AT4G34290","SWI/SNF-BAF60b","AT4G34290"
"p03-r06-c08","AT3G02380","C2C2-CO-like","BBX3"
"p03-r06-c09","AT3G01890","SWI/SNF-BAF60b","SWP73A"
"p03-r06-c10","AT5G57180","Orphans/","CIA2"
"p03-r06-c11","AT2G40450","TRAF","AT2G40450"
"p03-r06-c12","AT3G24860","TRIHELIX","AT3G24860"
"p03-r06-c13","AT1G01640","TRAF","AT1G01640"
"p03-r06-c14","AT3G24120","G2-like","PHL2"
"p03-r06-c15","AT4G08455","TRAF","AT4G08455"
"p03-r06-c16","AT5G24930","C2C2-CO-like","COL4"
"p03-r06-c17","AT3G61600","TRAF","POB1"
"p03-r06-c18","AT4G39410","WRKY","ATWRKY13"
"p03-r06-c19","AT1G22310","ND","ATMBD8"
"p03-r06-c20","AT5G07100","WRKY","WRKY26"
"p03-r06-c21","AT1G24250","Orphans","AT1G24250"
"p03-r06-c22","AT5G51860","MADS","AGL72"
"p03-r06-c23","AT2G27580","zf-AN1","AT2G27580"
"p03-r06-c24","AT1G70510","HB","KNAT2"
"p03-r07-c01","AT1G65300","MADS","PHE2"
"p03-r07-c02","AT3G60580","C2H2","AT3G60580"
"p03-r07-c03","AT2G14210","MADS","ANR1"
"p03-r07-c04","AT5G25475","ABI3-VP1","AT5G25475"
"p03-r07-c05","AT1G28450","MADS","AGL58"
"p03-r07-c06","AT1G78600","Orphans","LZF1"
"p03-r07-c07","AT5G48670","MADS","FEM111"
"p03-r07-c08","AT2G24570","WRKY","ATWRKY17"
"p03-r07-c09","AT1G22590","MADS","AGL87"
"p03-r07-c10","AT4G38170","ND","FRS9"
"p03-r07-c11","AT3G45170","C2C2-GATA","GATA14"
"p03-r07-c12","AT2G46680","HB","HB-7"
"p03-r07-c13","AT4G24470","C2C2-GATA","GATA25"
"p03-r07-c14","AT1G18400","bHLH","BEE1"
"p03-r07-c15","AT2G18380","C2C2-GATA","GATA20"
"p03-r07-c16","AT3G21270","C2C2-DOF","DOF2"
"p03-r07-c17","AT1G80730","C2H2","ATZFP1"
"p03-r07-c18","AT5G60120","AP2-EREBP","TOE2"
"p03-r07-c19","AT3G23130","C2H2","SUP"
"p03-r07-c20","AT3G15210","AP2-EREBP","RAP2.5"
"p03-r07-c21","AT1G02030","C2H2","AT1G02030"
"p03-r07-c22","AT1G54060","TRIHELIX","ASIL1"
"p03-r07-c23","AT4G25490","AP2-EREBP","CBF1"
"p03-r07-c24","AT1G77450","NAC","ANAC032"
"p03-r08-c01","AT3G15790","ND","ATMBD11"
"p03-r08-c02","AT1G74650","MYB","ATY13"
"p03-r08-c03","AT4G21610","zf-LSD1","LOL2"
"p03-r08-c04","AT2G43220","ND","AT2G43220"
"p03-r08-c05","AT4G25380","zf-AN1","AtSAP10"
"p03-r08-c06","AT2G02820","MYB","MYB88"
"p03-r08-c07","AT3G19580","C2H2","AZF2"
"p03-r08-c08","AT5G10120","EIL","AT5G10120"
"p03-r08-c09","AT5G60100","Pseudo","PRR3"
"p03-r08-c10","AT2G37590","C2C2-DOF","ATDOF2.4"
"p03-r08-c11","AT1G06170","bHLH","bHLH089"
"p03-r08-c12","AT4G37540","LOB","LBD39"
"p03-r08-c13","AT2G32905","REM(B3)","AT2G32905"
"p03-r08-c14","AT1G19270","Orphans","DA1"
"p03-r08-c15","AT3G05760","C2H2","AT3G05760"
"p03-r08-c16","AT1G56160","MYB","ATMYB72"
"p03-r08-c17","AT3G61850","C2C2-DOF","DAG1"
"p03-r08-c18","AT1G01160","GIF","GIF2"
"p03-r08-c19","AT1G55760","TRAF","AT1G55760"
"p03-r08-c20","AT4G27310","Orphans","BBX28"
"p03-r08-c21","AT2G22800","HB","HAT9"
"p03-r08-c22","AT1G25440","C2C2-CO-like","BBX15"
"p03-r08-c23","AT4G01550","NAC","NTM2"
"p03-r08-c24","AT2G24590","ND","RSZ22a"
"p03-r09-c01","AT1G03970","bZIP","GBF4"
"p03-r09-c02","AT2G22200","AP2-EREBP","AT2G22200"
"p03-r09-c03","AT3G02150","TCP","TFPD"
"p03-r09-c04","AT3G04730","AUX-IAA","IAA16"
"p03-r09-c05","AT5G42820","C3H","ATU2AF35B"
"p03-r09-c06","AT1G73870","C2C2-CO-like","COL7"
"p03-r09-c07","AT1G17380","ZIM","TIFY11A"
"p03-r09-c08","AT5G06550","JUMONJI","JMJ22"
"p03-r09-c09","AT3G21175","C2C2-GATA","TIFY2B"
"p03-r09-c10","AT5G39660","C2C2-DOF","CDF2"
"p03-r09-c11","AT4G36730","bZIP","AtGBF1"
"p03-r09-c12","AT1G77640","AP2-EREBP","AT1G77640"
"p03-r09-c13","AT1G24610","SET","AT1G24610"
"p03-r09-c14","AT1G34190","NAC","ANAC017"
"p03-r09-c15","AT5G60910","MADS","FUL"
"p03-r09-c16","AT2G26580","C2C2-YABBY","YAB5"
"p03-r09-c17","AT5G61430","NAC","NAC100"
"p03-r09-c18","AT4G33880","bHLH","RSL2"
"p03-r09-c19","AT2G19520","ND","ACG1"
"p03-r09-c20","AT1G04100","AUX-IAA","IAA10"
"p03-r09-c21","AT4G23860","PHD","AT4G23860"
"p03-r09-c22","AT2G41370","TRAF","BOP2"
"p03-r09-c23","AT1G70700","ZIM","JAZ9"
"p03-r09-c24","AT5G05790","MYB","AT5G05790"
"p03-r10-c01","AT1G02220","NAC","NAC003"
"p03-r10-c02","AT5G14260","SET","AT5G14260"
"p03-r10-c03","AT1G33280","NAC","ANAC015"
"p03-r10-c04","AT4G31550","WRKY","ATWRKY11"
"p03-r10-c05","AT1G63910","MYB","AtMYB103"
"p03-r10-c06","AT1G76110","ARID","AT1G76110"
"p03-r10-c07","AT2G39880","MYB","AtMYB25"
"p03-r10-c08","AT5G18550","C3H","AT5G18550"
"p03-r10-c09","AT4G22680","MYB","MYB85"
"p03-r10-c10","AT5G22890","C2H2","STOP2"
"p03-r10-c11","AT4G37780","MYB","ATMYB87"
"p03-r10-c12","AT5G13330","AP2-EREBP","Rap2.6L"
"p03-r10-c13","AT1G66370","MYB","MYB113"
"p03-r10-c14","AT3G51910","HSF","AT-HSFA7A"
"p03-r10-c15","AT2G42660","G2-like","AT2G42660"
"p03-r10-c16","AT1G66350","GRAS","RGL1"
"p03-r10-c17","AT3G24310","MYB","MYB305"
"p03-r10-c18","AT4G17570","C2C2-GATA","GATA26"
"p03-r10-c19","AT5G62470","MYB","MYB96"
"p03-r10-c20","AT1G51700","C2C2-DOF","DOF1"
"p03-r10-c21","AT1G75710","C2H2","AT1G75710"
"p03-r10-c22","AT5G48150","GRAS","PAT1"
"p03-r10-c23","AT5G03150","C2H2","JKD"
"p03-r10-c24","AT2G28160","bHLH","BHLH029"
"p03-r11-c01","AT1G64860","SIGMA70-like","SIG1"
"p03-r11-c02","AT1G30135","ZIM","JAZ8"
"p03-r11-c03","AT4G01120","bZIP","GBF2"
"p03-r11-c04","AT1G48040","DBP","AT1G48040"
"p03-r11-c05","AT4G36860","LIM","DAR1"
"p03-r11-c06","AT2G38090","MYB","AT2G38090"
"p03-r11-c07","AT1G07360","C3H","MAC5A"
"p03-r11-c08","AT3G42860","zf-GRF","AT3G42860"
"p03-r11-c09","AT3G48100","Orphans","ARR5"
"p03-r11-c10","AT2G18850","SET","AT2G18850"
"p03-r11-c11","AT3G46590","MYB-related","TRP2"
"p03-r11-c12","AT1G21910","AP2-EREBP","DREB26"
"p03-r11-c13","AT2G45650","MADS","AGL6"
"p03-r11-c14","AT1G71930","NAC","ANAC030"
"p03-r11-c15","AT5G27580","MADS","AGL89"
"p03-r11-c16","AT2G40340","AP2-EREBP","DREB2C"
"p03-r11-c17","AT5G59990","Orphans/","AT5G59990"
"p03-r11-c18","AT1G68130","C2H2","IDD14alpha"
"p03-r11-c19","AT1G63170","ND","AT1G63170"
"p03-r11-c20","AT5G41920","GRAS","AtSCL23"
"p03-r11-c21","AT2G46160","ND","AT2G46160"
"p03-r11-c22","AT5G47220","AP2-EREBP","ATERF-2"
"p03-r11-c23","AT2G32600","C2H2","AT2G32600"
"p03-r11-c24","AT5G42520","BBR-BPC","BBR/BPC6"
"p03-r12-c01","AT5G46830","bHLH","MYC5"
"p03-r12-c02","AT1G22070","bZIP","TGA3"
"p03-r12-c03","AT1G02340","bHLH","RSF1"
"p03-r12-c04","AT5G26805","REM(B3)","AT5G26805"
"p03-r12-c05","AT1G06160","AP2-EREBP","ORA59"
"p03-r12-c06","AT3G13540","MYB","ATMYB5"
"p03-r12-c07","AT3G23230","AP2-EREBP","AtTDR1"
"p03-r12-c08","AT1G54160","CCAAT","NFYA5"
"p03-r12-c09","AT5G61890","AP2-EREBP","AT5G61890"
"p03-r12-c10","AT4G37740","GRF","AtGRF2"
"p03-r12-c11","AT5G63260","C3H","AT5G63260"
"p03-r12-c12","AT5G66980","ABI3-VP1","AT5G66980"
"p03-r12-c13","AT4G26030","C2H2","AT4G26030"
"p03-r12-c14","AT4G25210","GeBP","AT4G25210"
"p03-r12-c15","AT2G03500","G2-like","EFM"
"p03-r12-c16","AT3G20550","FHA","DDL"
"p03-r12-c17","AT1G15050","AUX-IAA","IAA34"
"p03-r12-c18","AT2G04845","GNAT","AT2G04845"
"p03-r12-c19","AT5G62020","HSF","HSFB2A"
"p03-r12-c20","AT5G67180","AP2-EREBP","TOE3"
"p03-r12-c21","AT1G19040","NAC","AT1G19040"
"p03-r12-c22","AT1G04250","AUX-IAA","AtIAA17"
"p03-r12-c23","AT2G42280","bHLH","FBH4"
"p03-r12-c24","AT5G49330","MYB","PFG3"
"p03-r13-c01","AT3G18010","HB","WOX1"
"p03-r13-c02","AT1G79700","AP2-EREBP","WRI4"
"p03-r13-c03","AT1G66380","MYB","AtMYB114"
"p03-r13-c04","AT1G51070","bHLH","bHLH115"
"p03-r13-c05","AT5G65510","AP2-EREBP","PLT7"
"p03-r13-c06","AT5G63160","TRAF","BT1"
"p03-r13-c07","AT2G28810","C2C2-DOF","AT2G28810"
"p03-r13-c08","AT4G27240","C2H2","AT4G27240"
"p03-r13-c09","AT3G10760","G2-like","AT3G10760"
"p03-r13-c10","AT5G18240","G2-like","ATMYR1"
"p03-r13-c11","AT1G69580","G2-like","AT1G69580"
"p03-r13-c12","AT5G02840","MYB-related","LCL1"
"p03-r13-c13","AT2G18550","HB","ATHB21"
"p03-r13-c14","AT4G13640","G2-like","UNE16"
"p03-r13-c15","AT5G19790","AP2-EREBP","RAP2.11"
"p03-r13-c16","AT2G01760","ARR-B","RR14"
"p03-r13-c17","AT1G66390","MYB","ATMYB90"
"p03-r13-c18","AT1G19490","bZIP","AT1G19490"
"p03-r13-c19","AT4G23800","HMG","3xHMG-box2"
"p03-r13-c20","AT4G34680","C2C2-GATA","GATA3"
"p03-r13-c21","AT3G20810","JUMONJI","JMJ30"
"p03-r13-c22","AT4G35040","bZIP","bZIP19"
"p03-r13-c23","AT1G09540","MYB","ATMYB61"
"p03-r13-c24","AT2G01060","G2-like","AT2G01060"
"p03-r14-c01","AT3G54990","AP2-EREBP","SMZ"
"p03-r14-c02","AT5G01380","TRIHELIX","AT5G01380"
"p03-r14-c03","AT1G64105","NAC","ANAC027"
"p03-r14-c04","AT2G40970","G2-like","MYBC1"
"p03-r14-c05","AT1G77570","HSF","REN1"
"p03-r14-c06","AT4G03170","ABI3-VP1","AT4G03170"
"p03-r14-c07","AT5G50570","SBP","SPL13"
"p03-r14-c08","AT1G02250","NAC","ANAC005"
"p03-r14-c09","AT2G18490","C2H2","GAZ"
"p03-r14-c10","AT4G34990","MYB","AtMYB32"
"p03-r14-c11","AT5G54360","C2H2","AT5G54360"
"p03-r14-c12","AT1G63040","ND","No Symbol"
"p03-r14-c13","AT1G63820","Orphans/","AT1G63820"
"p03-r14-c14","AT1G34670","MYB","AtMYB93"
"p03-r14-c15","AT2G40210","MADS","AGL48"
"p03-r14-c16","AT3G57670","C2H2","WIP2"
"p03-r14-c17","AT3G11100","TRIHELIX","VFP3"
"p03-r14-c18","AT1G64625","bHLH","LL1"
"p03-r14-c19","AT1G66420","GeBP","AT1G66420"
"p03-r14-c20","AT5G10570","bHLH","AT5G10570"
"p03-r14-c21","AT1G76870","TRIHELIX","AT1G76870"
"p03-r14-c22","AT1G26300","BSD","AT1G26300"
"p03-r14-c23","AT2G15740","C2H2","AT2G15740"
"p03-r14-c24","AT3G49800","BSD","AT3G49800"
"p03-r15-c01","AT5G52260","MYB","AtMYB19"
"p03-r15-c02","AT2G16720","MYB","ATMYB7"
"p03-r15-c03","AT2G13960","MYB-related","AT2G13960"
"p03-r15-c04","AT5G25220","HB","KNAT3"
"p03-r15-c05","AT3G25990","TRIHELIX","AT3G25990"
"p03-r15-c06","AT5G51190","AP2-EREBP","ERF105"
"p03-r15-c07","AT5G47660","TRIHELIX","AT5G47660"
"p03-r15-c08","AT3G42790","ALFIN-like","AL3"
"p03-r15-c09","AT5G37800","bHLH","RSL1"
"p03-r15-c10","AT1G60380","NAC","AT1G60380"
"p03-r15-c11","AT5G61270","bHLH","PIF7"
"p03-r15-c12","AT3G06220","ABI3-VP1","AT3G06220"
"p03-r15-c13","AT2G41690","HSF","HSFB3"
"p03-r15-c14","AT4G00390","GeBP","AT4G00390"
"p03-r15-c15","AT1G01250","AP2-EREBP","AT1G01250"
"p03-r15-c16","AT5G64340","bHLH","SAC51"
"p03-r15-c17","AT1G63030","AP2-EREBP","ddf2"
"p03-r15-c18","AT1G43770","PHD","AT1G43770"
"p03-r15-c19","AT3G25730","AP2-EREBP","EDF3"
"p03-r15-c20","AT1G70000","MYB-related","MYBD"
"p03-r15-c21","AT5G18560","AP2-EREBP","PUCHI"
"p03-r15-c22","AT4G00250","GeBP","AtSTKL2"
"p03-r15-c23","AT2G20100","ND","AT2G20100"
"p03-r15-c24","AT4G24660","zf-HD","MEE68"
"p03-r16-c01","AT2G37740","C2H2","ATZFP10"
"p03-r16-c02","AT3G55770","LIM","WLIM2b"
"p03-r16-c03","AT5G09750","bHLH","HEC3"
"p03-r16-c04","AT3G54340","MADS","AP3"
"p03-r16-c05","AT1G18960","MYB-related","AT1G18960"
"p03-r16-c06","AT4G16845","ND","VRN2"
"p03-r16-c07","AT1G27740","bHLH","RSL4"
"p03-r16-c08","AT3G01530","MYB","ATMYB57"
"p03-r16-c09","AT1G32770","NAC","NST3"
"p03-r16-c10","AT5G17300","MYB-related","RVE1"
"p03-r16-c11","AT1G43000","PLATZ","AT1G43000"
"p03-r16-c12","AT3G54810","C2C2-GATA","BME3"
"p03-r16-c13","AT1G55650","ARID","AT1G55650"
"p03-r16-c14","AT2G33610","MYB-related","SWI3B"
"p03-r16-c15","AT2G01818","PLATZ","AT2G01818"
"p03-r16-c16","AT4G12670","MYB-related","AT4G12670"
"p03-r16-c17","AT2G27930","PLATZ","AT2G27930"
"p03-r16-c18","AT5G66270","C3H","AT5G66270"
"p03-r16-c19","AT2G30432","MYB-related","TCL1"
"p03-r16-c20","AT5G67480","TAZ","BT4"
"p03-r16-c21","AT3G04280","Orphans","RR22"
"p03-r16-c22","AT1G19700","HB","BLH10"
"p03-r16-c23","AT3G17010","ABI3-VP1","REM22"
"p03-r16-c24","AT5G22290","NAC","NAC089"
"p04-r01-c01","AT2G18160","bZIP","GBF5"
"p04-r01-c02","AT3G26790","ABI3-VP1","FUS3"
"p04-r01-c03","AT5G54630","C2H2","AT5G54630"
"p04-r01-c04","AT2G38470","WRKY","WRKY33"
"p04-r01-c05","AT2G22430","HB","HB6"
"p04-r01-c06","AT1G59810","MADS","AGL50"
"p04-r01-c07","AT1G75340","C3H","AT1G75340"
"p04-r01-c08","AT1G31140","MADS","GOA"
"p04-r01-c09","AT4G17880","bHLH","MYC4"
"p04-r01-c10","AT5G49300","C2C2-GATA","GATA16"
"p04-r01-c11","AT5G59430","MYB-related","TRP1"
"p04-r01-c12","AT2G28200","C2H2","AT2G28200"
"p04-r01-c13","AT5G46760","bHLH","MYC3"
"p04-r01-c14","AT4G04890","HB","PDF2"
"p04-r01-c15","AT3G60630","GRAS","ATHAM2"
"p04-r01-c16","AT5G16540","C3H","ZFN3"
"p04-r01-c17","AT1G73730","EIL","AtEIL3"
"p04-r01-c18","AT2G47620","MYB-related","SWI3A"
"p04-r01-c19","AT2G46040","ARID","ARID1"
"p04-r01-c20","AT1G22985","AP2-EREBP","CRF7"
"p04-r01-c21","AT4G15420","C2H2","AT4G15420"
"p04-r01-c22","AT3G45880","JUMONJI","JMJ32"
"p04-r01-c23","AT4G29930","bHLH","AT4G29930"
"p04-r01-c24","AT2G22540","MADS","AGL22"
"p04-r02-c01","AT5G50010","bHLH","AT5G50010"
"p04-r02-c02","AT1G68640","bZIP","TGA8"
"p04-r02-c03","AT1G01260","bHLH","JAM2"
"p04-r02-c04","AT5G64810","WRKY","ATWRKY51"
"p04-r02-c05","AT1G08540","SIGMA70-like","SIGA"
"p04-r02-c06","AT1G53230","TCP","TCP3"
"p04-r02-c07","AT2G33835","C3H","FES1"
"p04-r02-c08","AT4G21440","MYB","ATM4"
"p04-r02-c09","AT1G24260","MADS","44807"
"p04-r02-c10","AT2G14760","bHLH","AT2G14760"
"p04-r02-c11","AT1G61970","mTERF","AT1G61970"
"p04-r02-c12","AT5G43620","C2H2","AT5G43620"
"p04-r02-c13","AT2G33720","REM(B3)","AT2G33720"
"p04-r02-c14","AT1G04500","Orphans/","AT1G04500"
"p04-r02-c15","AT2G40740","WRKY","ATWRKY55"
"p04-r02-c16","AT1G02170","PEPTIDASE_C14","ATMC1"
"p04-r02-c17","AT2G40750","WRKY","WRKY54"
"p04-r02-c18","AT1G13960","WRKY","WRKY4"
"p04-r02-c19","AT5G02030","HB","PNY"
"p04-r02-c20","AT1G28470","NAC","NAC010"
"p04-r02-c21","AT2G26960","MYB","MYB81"
"p04-r02-c22","AT1G47270","TUB","TLP6"
"p04-r02-c23","AT1G68190","Orphans","BBX27"
"p04-r02-c24","AT1G56010","NAC","NAC1"
"p04-r03-c01","AT5G65640","bHLH","NFL"
"p04-r03-c02","AT5G41315","bHLH","GL3"
"p04-r03-c03","AT1G55580","GRAS","SCL18"
"p04-r03-c04","AT3G03660","HB","WOX11"
"p04-r03-c05","AT1G76420","NAC","ANAC031"
"p04-r03-c06","AT2G43000","NAC","ANAC042"
"p04-r03-c07","AT1G80590","WRKY","ATWRKY66"
"p04-r03-c08","AT5G39820","NAC","ANAC094"
"p04-r03-c09","AT3G01600","NAC","NAC044"
"p04-r03-c10","AT2G45160","GRAS","LOM1"
"p04-r03-c11","AT4G02670","C2H2","IDD12"
"p04-r03-c12","AT3G13840","GRAS","AT3G13840"
"p04-r03-c13","AT4G14720","ZIM","PPD2"
"p04-r03-c14","AT1G26780","MYB","LOF1"
"p04-r03-c15","AT4G36160","NAC","ANAC076"
"p04-r03-c16","AT5G65590","C2C2-DOF","SCAP1"
"p04-r03-c17","AT5G19490","CCAAT","AT5G19490"
"p04-r03-c18","AT3G21890","Orphans","BBX31"
"p04-r03-c19","AT5G57390","AP2-EREBP","CHO1"
"p04-r03-c20","AT4G12210","ND","AT4G12210"
"p04-r03-c21","AT3G21350","MED6","MED6"
"p04-r03-c22","AT3G46070","C2H2","AT3G46070"
"p04-r03-c23","AT1G62120","mTERF","AT1G62120"
"p04-r03-c24","AT2G36080","ABI3-VP1","NGAL1"
"p04-r04-c01","AT5G65310","HB","HB5"
"p04-r04-c02","AT2G47850","C3H","AT2G47850"
"p04-r04-c03","AT3G55370","C2C2-DOF","OBP3"
"p04-r04-c04","AT1G61730","GeBP","AT1G61730"
"p04-r04-c05","AT4G31660","ABI3-VP1","AT4G31660"
"p04-r04-c06","AT4G00610","GeBP","AT4G00610"
"p04-r04-c07","AT2G01200","AUX-IAA","IAA32"
"p04-r04-c08","AT1G13400","C2H2","NUB"
"p04-r04-c09","AT5G47670","CCAAT","L1L"
"p04-r04-c10","AT1G32240","G2-like","KAN2"
"p04-r04-c11","AT3G27810","MYB","MYB21"
"p04-r04-c12","AT1G46264","HSF","AT-HSFB4"
"p04-r04-c13","AT3G66656","MADS","AGL91"
"p04-r04-c14","AT1G48195","C3H","AT1G48195"
"p04-r04-c15","AT5G58890","MADS","AGL82"
"p04-r04-c16","AT5G11260","bZIP","HY5"
"p04-r04-c17","AT1G17590","CCAAT","NF-YA8"
"p04-r04-c18","AT1G01350","C3H","AT1G01350"
"p04-r04-c19","AT1G74080","MYB","ATMYB122"
"p04-r04-c20","AT1G01920","SET","AT1G01920"
"p04-r04-c21","AT1G60040","MADS","AGL49"
"p04-r04-c22","AT1G60700","FHA","AT1G60700"
"p04-r04-c23","AT1G69540","MADS","AGL94"
"p04-r04-c24","AT1G75530","FHA","AT1G75530"
"p04-r05-c01","AT1G78930","mTERF","AT1G78930"
"p04-r05-c02","AT4G23750","AP2-EREBP","CRF2"
"p04-r05-c03","AT2G44020","mTERF","AT2G44020"
"p04-r05-c04","AT5G16600","MYB","AtMYB43"
"p04-r05-c05","AT4G14605","mTERF","MDA1"
"p04-r05-c06","AT5G14340","MYB","MYB40"
"p04-r05-c07","AT2G18060","NAC","VND1"
"p04-r05-c08","AT5G15310","MYB","MYB16"
"p04-r05-c09","AT1G05420","OFP","OFP12"
"p04-r05-c10","AT2G38250","TRIHELIX","AT2G38250"
"p04-r05-c11","AT2G36050","OFP","ATOFP15"
"p04-r05-c12","AT1G44830","AP2-EREBP","AT1G44830"
"p04-r05-c13","AT2G30400","OFP","ATOFP2"
"p04-r05-c14","AT3G25790","G2-like","HHO"
"p04-r05-c15","AT5G19650","OFP","ATOFP8"
"p04-r05-c16","AT5G12330","SRS","LRP1"
"p04-r05-c17","AT1G49520","SWI/SNF-BAF60b","AT1G49520"
"p04-r05-c18","AT2G21320","Orphans","BBX18"
"p04-r05-c19","AT5G13730","SIGMA70-like","SIG4"
"p04-r05-c20","AT5G03510","C2H2","AT5G03510"
"p04-r05-c21","AT5G45110","TRAF","NPR3"
"p04-r05-c22","AT5G05120","C2H2","AT5G05120"
"p04-r05-c23","AT5G48510","TRAF","AT5G48510"
"p04-r05-c24","AT5G06650","C2H2","GIS2"
"p04-r06-c01","AT3G62610","MYB","ATMYB11"
"p04-r06-c02","AT2G21240","BBR-BPC","BPC4"
"p04-r06-c03","AT1G80390","AUX-IAA","IAA15"
"p04-r06-c04","AT2G22840","GRF","AtGRF1"
"p04-r06-c05","AT3G07340","bHLH","CIB3"
"p04-r06-c06","AT2G36010","E2F-DP","E2F3"
"p04-r06-c07","AT1G12610","AP2-EREBP","ATDDF1"
"p04-r06-c08","AT2G45480","GRF","AtGRF9"
"p04-r06-c09","AT1G51120","AP2-EREBP","AT1G51120"
"p04-r06-c10","AT4G10920","Coactivator","KELP"
"p04-r06-c11","AT5G11590","AP2-EREBP","TINY2"
"p04-r06-c12","AT4G36920","AP2-EREBP","AP2"
"p04-r06-c13","AT5G17430","AP2-EREBP","BBM"
"p04-r06-c14","AT5G49420","MADS","AT5G49420"
"p04-r06-c15","AT3G12680","C3H","HUA1"
"p04-r06-c16","AT1G34370","C2H2","AtSTOP1"
"p04-r06-c17","AT3G48440","C3H","AT3G48440"
"p04-r06-c18","AT3G06410","C3H","AT3G06410"
"p04-r06-c19","AT3G55980","C3H","SZF1"
"p04-r06-c20","AT2G23660","LOB","LBD10"
"p04-r06-c21","AT2G43060","bHLH","AtIBH1"
"p04-r06-c22","AT3G24490","TRIHELIX","AT3G24490"
"p04-r06-c23","AT4G18960","MADS","AG"
"p04-r06-c24","AT5G65100","EIL","AT5G65100"
"p04-r07-c01","AT3G04670","WRKY","WRKY39"
"p04-r07-c02","AT5G10970","C2H2","AT5G10970"
"p04-r07-c03","AT1G23810","Orphans","AT1G23810"
"p04-r07-c04","AT5G66350","SRS","SHI"
"p04-r07-c05","AT1G24230","Orphans","AT1G24230"
"p04-r07-c06","AT4G36260","SRS","SRS2"
"p04-r07-c07","AT1G27280","Orphans","AT1G27280"
"p04-r07-c08","AT5G66870","LOB","LBD36"
"p04-r07-c09","AT1G49830","ND","AT1G49830"
"p04-r07-c10","AT3G06590","ND","RITF1"
"p04-r07-c11","AT3G19070","ND","AT3G19070"
"p04-r07-c12","AT3G47710","ND","BNQ3"
"p04-r07-c13","AT2G36740","YL1","ATSWC2"
"p04-r07-c14","AT5G09460","ND","AT5G09460"
"p04-r07-c15","AT4G25110","PEPTIDASE_C14","MCP1c"
"p04-r07-c16","AT3G22830","HSF","HSFA6B"
"p04-r07-c17","AT5G15040","Orphans","AT5G15040"
"p04-r07-c18","AT1G30210","TCP","ATTCP24"
"p04-r07-c19","AT5G60142","ABI3-VP1","AT5G60142"
"p04-r07-c20","AT3G24520","HSF","AT-HSFC1"
"p04-r07-c21","AT4G01540","NAC","NTM1"
"p04-r07-c22","AT4G32800","AP2-EREBP","AT4G32800"
"p04-r07-c23","AT3G06490","MYB","AtMYB108"
"p04-r07-c24","AT5G58900","MYB","AT5G58900"
"p04-r08-c01","AT1G28300","ABI3-VP1","LEC2"
"p04-r08-c02","AT1G19050","Orphans","ARR7"
"p04-r08-c03","AT4G14490","FHA","AT4G14490"
"p04-r08-c04","AT2G23060","GNAT","AT2G23060"
"p04-r08-c05","AT2G48100","C2H2","AT2G48100"
"p04-r08-c06","AT5G38740","MADS","AGL77"
"p04-r08-c07","AT4G37940","MADS","AGL21"
"p04-r08-c08","AT2G03060","MADS","AGL30"
"p04-r08-c09","AT5G65080","MADS","MAF5"
"p04-r08-c10","AT1G60350","NAC","ANAC024"
"p04-r08-c11","AT4G09100","ND","AT4G09100"
"p04-r08-c12","AT2G42410","C2H2","ATZFP11"
"p04-r08-c13","AT3G43430","ND","AT3G43430"
"p04-r08-c14","AT3G51060","SRS","SRS1"
"p04-r08-c15","AT1G18780","ND","AT1G18780"
"p04-r08-c16","AT5G54067","REM(B3)","AT5G54067"
"p04-r08-c17","AT1G18760","ND","AT1G18760"
"p04-r08-c18","AT1G75240","zf-HD","HB33"
"p04-r08-c19","AT3G61630","AP2-EREBP","CRF6"
"p04-r08-c20","AT5G15850","C2C2-CO-like","BBX2"
"p04-r08-c21","AT4G36710","GRAS","HAM4"
"p04-r08-c22","AT1G34180","NAC","ANAC016"
"p04-r08-c23","AT3G45150","TCP","TCP16"
"p04-r08-c24","AT1G69560","MYB","MYB105"
"p04-r09-c01","AT5G38860","bHLH","BIM3"
"p04-r09-c02","AT2G38300","G2-like","AT2G38300"
"p04-r09-c03","AT1G32330","HSF","ATHSFA1D"
"p04-r09-c04","AT1G68920","bHLH","bHLH49"
"p04-r09-c05","AT5G60480","zf-HD","ZHD12"
"p04-r09-c06","AT4G34530","bHLH","CIB1"
"p04-r09-c07","AT1G55950","GeBP","AT1G55950"
"p04-r09-c08","AT3G61950","bHLH","AT3G61950"
"p04-r09-c09","AT1G12890","AP2-EREBP","AT1G12890"
"p04-r09-c10","AT1G19000","MYB-related","AT1G19000"
"p04-r09-c11","AT3G12977","NAC","AT3G12977"
"p04-r09-c12","AT1G19180","ZIM","JAZ1"
"p04-r09-c13","AT4G06634","C2H2","AtYY1"
"p04-r09-c14","AT5G40330","MYB","MYB23"
"p04-r09-c15","AT4G20970","bHLH","AT4G20970"
"p04-r09-c16","AT4G27230","CCAAT","HTA2"
"p04-r09-c17","AT1G32510","NAC","NAC011"
"p04-r09-c18","AT1G72210","bHLH","bHLH096"
"p04-r09-c19","AT1G18335","GNAT","AT1G18335"
"p04-r09-c20","AT1G32700","PLATZ","AT1G32700"
"p04-r09-c21","AT5G04760","MYB","AT5G04760"
"p04-r09-c22","AT2G17950","HB","WUS"
"p04-r09-c23","AT1G68670","G2-like","HHO2"
"p04-r09-c24","AT4G37610","TAZ","BT5"
"p04-r10-c01","AT3G18550","TCP","BRC1"
"p04-r10-c02","AT3G10000","TRIHELIX","EDA31"
"p04-r10-c03","AT3G12910","NAC","AT3G12910"
"p04-r10-c04","AT5G56200","C2H2","AT5G56200"
"p04-r10-c05","AT1G62360","HB","WAM"
"p04-r10-c06","AT1G69570","C2C2-DOF","AT1G69570"
"p04-r10-c07","AT4G08250","GRAS","AT4G08250"
"p04-r10-c08","AT1G68120","BBR-BPC","ATBPC3"
"p04-r10-c09","AT5G26170","WRKY","WRKY50"
"p04-r10-c10","AT1G68480","C2H2","JAG"
"p04-r10-c11","AT4G00210","LOB","LBD31"
"p04-r10-c12","AT2G46735","ND","AT2G46735"
"p04-r10-c13","AT1G09250","ND","AIF4"
"p04-r10-c14","AT4G35580","NAC","CBNAC"
"p04-r10-c15","AT3G56400","WRKY","ATWRKY70"
"p04-r10-c16","AT5G50915","bHLH","AT5G50915"
"p04-r10-c17","AT2G04240","ND","XERICO"
"p04-r10-c18","AT5G65910","BSD","AT5G65910"
"p04-r10-c19","AT3G47600","MYB","MYB94"
"p04-r10-c20","AT2G28550","AP2-EREBP","TOE1"
"p04-r10-c21","AT1G72360","AP2-EREBP","AtERF73"
"p04-r10-c22","AT5G25390","AP2-EREBP","SHN3"
"p04-r10-c23","AT5G17810","HB","WOX12"
"p04-r10-c24","AT3G04930","GeBP","AT3G04930"
"p04-r11-c01","AT2G02470","ALFIN-like","AL6"
"p04-r11-c02","AT5G67190","AP2-EREBP","DEAR2"
"p04-r11-c03","AT2G34450","HMG","AT2G34450"
"p04-r11-c04","AT1G46768","AP2-EREBP","RAP2.1"
"p04-r11-c05","AT1G59640","bHLH","BPEp"
"p04-r11-c06","AT5G40710","C2H2","AT5G40710"
"p04-r11-c07","AT5G07580","AP2-EREBP","ERF106"
"p04-r11-c08","AT3G56850","bZIP","DPBF3"
"p04-r11-c09","AT5G10280","MYB","MYB92"
"p04-r11-c10","AT5G63090","LOB","LOB"
"p04-r11-c11","AT5G17260","NAC","NAC86"
"p04-r11-c12","AT3G54620","bZIP","BZO2H4"
"p04-r11-c13","AT3G02550","LOB","LBD41"
"p04-r11-c14","AT2G30590","WRKY","WRKY21"
"p04-r11-c15","AT4G14540","CCAAT","NF-YB3"
"p04-r11-c16","AT3G14230","AP2-EREBP","RAP2.2"
"p04-r11-c17","AT3G24140","bHLH","FMA"
"p04-r11-c18","AT1G44810","GeBP","AT1G44810"
"p04-r11-c19","AT5G52660","MYB-related","AT5G52660"
"p04-r11-c20","AT2G25820","AP2-EREBP","ESE2"
"p04-r11-c21","AT2G33350","Orphans/","AT2G33350"
"p04-r11-c22","AT3G58780","MADS","SHP1"
"p04-r11-c23","AT2G46670","Orphans/","AT2G46670"
"p04-r11-c24","AT5G27050","MADS","AGL101"
"p04-r12-c01","AT2G33880","HB","WOX9A"
"p04-r12-c02","AT2G02450","NAC","LOV1"
"p04-r12-c03","AT3G11020","AP2-EREBP","DREB2B"
"p04-r12-c04","AT1G10585","bHLH","AT1G10585"
"p04-r12-c05","AT3G03550","ND","AT3G03550"
"p04-r12-c06","AT1G61980","mTERF","AT1G61980"
"p04-r12-c07","AT1G03790","C3H","TZF4"
"p04-r12-c08","AT1G15340","MBD","MBD10"
"p04-r12-c09","AT1G25280","TUB","AtTLP10"
"p04-r12-c10","AT1G72740","MYB-related","AT1G72740"
"p04-r12-c11","AT4G22140","PHD","EBS"
"p04-r12-c12","AT3G12890","Orphans/","ASML2"
"p04-r12-c13","AT1G69010","bHLH","BIM2"
"p04-r12-c14","AT4G33280","ABI3-VP1","AT4G33280"
"p04-r12-c15","AT2G43010","bHLH","SRL2"
"p04-r12-c16","AT2G29660","C2H2","AT2G29660"
"p04-r12-c17","AT4G13040","AP2-EREBP","AT4G13040"
"p04-r12-c18","AT5G47790","FHA","AT5G47790"
"p04-r12-c19","AT4G39250","MYB-related","RSM2"
"p04-r12-c20","AT1G67710","ARR-B","ARR11"
"p04-r12-c21","AT3G05690","CCAAT","ATHAP2B"
"p04-r12-c22","AT5G05330","HMG","AT5G05330"
"p04-r12-c23","AT1G18570","MYB","HIG1"
"p04-r12-c24","AT3G56570","SET","AT3G56570"
"p04-r13-c01","AT3G03200","NAC","NAC045"
"p04-r13-c02","AT2G27470","CCAAT","NF-YB11"
"p04-r13-c03","AT4G05170","bHLH","AT4G05170"
"p04-r13-c04","AT4G10600","PHD","AT4G10600"
"p04-r13-c05","AT5G06080","LOB","LBD33"
"p04-r13-c06","AT5G03415","E2F-DP","DPB"
"p04-r13-c07","AT2G32020","GNAT","AT2G32020"
"p04-r13-c08","AT1G68030","PHD","AT1G68030"
"p04-r13-c09","AT2G38130","GNAT","ATMAK3"
"p04-r13-c10","AT1G74890","Orphans","ARR15"
"p04-r13-c11","AT3G46600","GRAS","AT3G46600"
"p04-r13-c12","AT2G41310","Orphans","ATRR3"
"p04-r13-c13","AT4G37750","AP2-EREBP","ANT"
"p04-r13-c14","AT3G13960","GRF","GRF5"
"p04-r13-c15","AT1G50600","GRAS","SCL5"
"p04-r13-c16","AT3G14740","PHD","AT3G14740"
"p04-r13-c17","AT4G38900","bZIP","bZIP29"
"p04-r13-c18","AT2G39000","GNAT","AtNAA70"
"p04-r13-c19","AT1G76890","TRIHELIX","GT2"
"p04-r13-c20","AT1G61990","mTERF","AT1G61990"
"p04-r13-c21","AT2G47190","MYB","MYB2"
"p04-r13-c22","AT2G34620","mTERF","AT2G34620"
"p04-r13-c23","AT2G42380","bZIP","BZIP34"
"p04-r13-c24","AT1G31760","SWI/SNF-BAF60b","AT1G31760"
"p04-r14-c01","AT1G65620","LOB","AS2"
"p04-r14-c02","AT4G38910","BBR-BPC","BPC5"
"p04-r14-c03","AT5G03780","MYB-related","TRFL10"
"p04-r14-c04","AT5G24330","PHD","SDG34"
"p04-r14-c05","AT3G01220","HB","HB20"
"p04-r14-c06","AT4G18830","OFP","OFP5"
"p04-r14-c07","AT1G68810","bHLH","T5L1"
"p04-r14-c08","AT5G58360","OFP","OFP3"
"p04-r14-c09","AT3G27010","TCP","PCF1"
"p04-r14-c10","AT5G22240","OFP","OFP10"
"p04-r14-c11","AT5G57620","MYB","AtMYB36"
"p04-r14-c12","AT5G12980","RCD1-like","AT5G12980"
"p04-r14-c13","AT1G68880","bZIP","AtbZIP"
"p04-r14-c14","AT3G56230","TRAF","AT3G56230"
"p04-r14-c15","AT5G26930","C2C2-GATA","GATA23"
"p04-r14-c16","AT3G53440","ND","AT3G53440"
"p04-r14-c17","AT2G21060","CSD","GRP2B"
"p04-r14-c18","AT1G08320","bZIP","bZIP21"
"p04-r14-c19","AT1G24590","AP2-EREBP","DRN-LIKE"
"p04-r14-c20","AT5G49200","C3H","AT5G49200"
"p04-r14-c21","AT2G32460","MYB","ABS7"
"p04-r14-c22","AT1G18750","MADS","AGL65"
"p04-r14-c23","AT2G18280","TUB","AtTLP2"
"p04-r14-c24","AT5G05550","TRIHELIX","VFP5"
"p04-r15-c01","AT5G66940","C2C2-DOF","ATDOF5.8"
"p04-r15-c02","AT5G50670","SBP","SPL13B"
"p04-r15-c03","AT1G10610","bHLH","AT1G10610"
"p04-r15-c04","AT5G14170","SWI/SNF-BAF60b","BAF60"
"p04-r15-c05","AT1G29860","WRKY","ATWRKY71"
"p04-r15-c06","AT4G14713","ZIM","PPD1"
"p04-r15-c07","AT4G08150","HB","BP1"
"p04-r15-c08","AT1G70030","Orphans","AT1G70030"
"p04-r15-c09","AT5G49490","MADS","AGL83"
"p04-r15-c10","AT3G02860","C2H2","ARS1"
"p04-r15-c11","AT1G14687","zf-HD","AtHB32"
"p04-r15-c12","AT1G69030","BSD","AT1G69030"
"p04-r15-c13","AT3G51180","ND","AT3G51180"
"p04-r15-c14","AT2G16770","bZIP","bZIP23"
"p04-r15-c15","AT2G17040","NAC","NAC036"
"p04-r15-c16","AT1G36060","AP2-EREBP","WIND3"
"p04-r15-c17","AT1G68840","AP2-EREBP","AtRAV2"
"p04-r15-c18","AT1G62300","WRKY","WRKY6"
"p04-r15-c19","AT2G35700","AP2-EREBP","ERF38"
"p04-r15-c20","AT4G25610","C2H2","AT4G25610"
"p04-r15-c21","AT5G48890","C2H2","LATE"
"p04-r15-c22","AT5G50820","NAC","ANAC097"
"p04-r15-c23","AT1G62150","mTERF","AT1G62150"
"p04-r15-c24","AT5G66770","GRAS","AT5G66770"
"p04-r16-c01","AT3G49760","bZIP","bZIP5"
"p04-r16-c02","AT1G62700","NAC","ANAC026"
"p04-r16-c03","AT5G08130","bHLH","BIM1"
"p04-r16-c04","AT4G34400","ABI3-VP1","AT4G34400"
"p04-r16-c05","AT1G70920","HB","HB18"
"p04-r16-c06","AT5G53660","GRF","GRF7"
"p04-r16-c07","AT5G24050","REM(B3)","AT5G24050"
"p04-r16-c08","AT2G21650","MYB-related","RSM1"
"p04-r16-c09","AT5G43650","bHLH","BHLH92"
"p04-r16-c10","AT4G12850","FAR1","FRF3"
"p04-r16-c11","AT5G26749","C3H","AT5G26749"
"p04-r16-c12","AT2G36026","OFP","AT2G36026"
"p04-r16-c13","AT1G77920","bZIP","TGA7"
"p04-r16-c14","AT4G34590","bZIP","BZIP11"
"p04-r16-c15","AT1G07640","C2C2-DOF","OBP2"
"p04-r16-c16","AT1G18330","MYB-related","EPR1"
"p04-r16-c17","AT2G20570","G2-like","ATGLK1"
"p04-r16-c18","AT4G12350","ND","AtMYB42"
"p04-r16-c19","AT3G23210","bHLH","bHLH34"
"p04-r16-c20","AT1G19350","BES1","BES1"
"p04-r16-c21","AT5G06420","C3H","AT5G06420"
"p04-r16-c22","AT5G01160","C2H2","AT5G01160"
"p04-r16-c23","AT3G19860","bHLH","bHLH121"
"p04-r16-c24","AT5G25810","AP2-EREBP","tny"
"p05-r01-c01","AT5G06160","C2H2","ATO"
"p05-r01-c02","AT3G52540","OFP","OFP18"
"p05-r01-c03","AT5G26610","C2H2","AT5G26610"
"p05-r01-c04","AT5G67450","C2H2","AZF1"
"p05-r01-c05","AT3G56380","Orphans","RR17"
"p05-r01-c06","AT1G32360","C3H","AT1G32360"
"p05-r01-c07","AT5G25790","CPP","AT5G25790"
"p05-r01-c08","AT4G04030","OFP","OFP9"
"p05-r01-c09","AT5G41090","NAC","ANAC095"
"p05-r01-c10","AT5G59380","MBD","MBD6"
"p05-r01-c11","AT5G09250","Coactivator","KIWI"
"p05-r01-c12","AT5G44190","G2-like","ATGLK2"
"p05-r01-c13","AT3G07500","FAR1","FRF2"
"p05-r01-c14","AT5G37260","MYB-related","RVE2"
"p05-r01-c15","AT1G72030","GNAT","AT1G72030"
"p05-r01-c16","AT1G31040","PLATZ","AT1G31040"
"p05-r01-c17","AT2G39030","GNAT","NATA1"
"p05-r01-c18","AT5G35770","SAP","SAP"
"p05-r01-c19","AT5G20240","MADS","PI"
"p05-r01-c20","AT2G45120","C2H2","AT2G45120"
"p05-r01-c21","AT3G15500","NAC","ANAC055"
"p05-r01-c22","AT2G39020","GNAT","NATA2"
"p05-r01-c23","AT3G02400","FHA","AT3G02400"
"p05-r01-c24","AT3G20640","ND","AT3G20640"
"p05-r02-c01","AT4G32010","ABI3-VP1","HSI2-L1"
"p05-r02-c02","AT5G42700","ABI3-VP1","AT5G42700"
"p05-r02-c03","AT3G61740","PHD","ATX3"
"p05-r02-c04","AT4G28640","AUX-IAA","IAA11"
"p05-r02-c05","AT4G39160","MYB-related","AT4G39160"
"p05-r02-c06","AT5G47390","MYB-related","KUA1"
"p05-r02-c07","AT5G20730","ARF","NPH4"
"p05-r02-c08","AT4G24240","WRKY","WRKY7"
"p05-r02-c09","AT2G47070","SBP","SPL1"
"p05-r02-c10","AT2G31460","REM(B3)","AT2G31460"
"p05-r02-c11","AT3G16857","ARR-B","RR1"
"p05-r02-c12","AT5G27130","MADS","AGL39"
"p05-r02-c13","AT2G27230","bHLH","LHW"
"p05-r02-c14","AT2G16400","HB","BLH7"
"p05-r02-c15","AT4G23980","ARF","ARF9"
"p05-r02-c16","AT4G00150","GRAS","ATHAM3"
"p05-r02-c17","AT5G37020","ARF","ATARF8"
"p05-r02-c18","AT5G66700","HB","ATHB53"
"p05-r02-c19","AT3G54220","GRAS","SGR1"
"p05-r02-c20","AT1G14510","ALFIN-like","AL7"
"p05-r02-c21","AT2G36960","MYB-related","TKI1"
"p05-r02-c22","AT3G18960","ABI3-VP1","AT3G18960"
"p05-r02-c23","AT1G73360","HB","EDT1"
"p05-r02-c24","AT2G30420","MYB-related","ETC2"
"p05-r03-c01","AT3G53920","SIGMA70-like","SIG3"
"p05-r03-c02","AT1G28520","VOZ","VOZ1"
"p05-r03-c03","AT2G27050","EIL","AtEIL1"
"p05-r03-c04","AT3G49690","MYB","RAX3"
"p05-r03-c05","AT4G29230","NAC","ANAC075"
"p05-r03-c06","AT2G35550","BBR-BPC","BPC7"
"p05-r03-c07","AT4G37580","GNAT","HLS1"
"p05-r03-c08","AT4G36020","CSD","CSDP1"
"p05-r03-c09","AT4G02990","mTERF","BSM"
"p05-r03-c10","AT2G18120","SRS","SRS4"
"p05-r03-c11","AT4G31060","AP2-EREBP","AT4G31060"
"p05-r03-c12","AT3G04100","MADS","AGL57"
"p05-r03-c13","0","#N/A","#N/A"
"p05-r03-c14","AT2G28910","ND","CXIP4"
"p05-r03-c15","AT5G18000","ABI3-VP1","VDD"
"p05-r03-c16","AT5G10380","ND","ATRING1"
"p05-r03-c17","AT1G55750","BSD","AT1G55750"
"p05-r03-c18","AT4G37180","G2-like","UIF1"
"p05-r03-c19","AT3G52910","GRF","GRF4"
"p05-r03-c20","AT5G04110","MYB-related","GYRB3"
"p05-r03-c21","AT4G37850","bHLH","AT4G37850"
"p05-r03-c22","AT2G37060","CCAAT","NF-YB8"
"p05-r03-c23","AT5G06770","C3H","AT5G06770"
"p05-r03-c24","AT4G00238","GeBP","AtSTKL1"
"p05-r04-c01","AT1G32640","bHLH","JAI1"
"p05-r04-c02","AT1G02040","C2H2","AT1G02040"
"p05-r04-c03","AT2G32700","LUG","LUH"
"p05-r04-c04","AT1G51970","REM(B3)","AT1G51970"
"p05-r04-c05","AT5G62000","ARF","AtARF2"
"p05-r04-c06","AT1G04850","C2H2","AT1G04850"
"p05-r04-c07","AT3G19510","HB","HAT3.1"
"p05-r04-c08","AT5G04820","OFP","OFP13"
"p05-r04-c09","AT1G58220","MYB-related","AT1G58220"
"p05-r04-c10","AT1G49130","C2C2-CO-like","BBX17"
"p05-r04-c11","AT5G64220","CAMTA","CAMTA2"
"p05-r04-c12","AT5G06250","ABI3-VP1","NGAL3"
"p05-r04-c13","AT3G43240","ARID","AT3G43240"
"p05-r04-c14","AT5G67430","GNAT","AT5G67430"
"p05-r04-c15","AT2G36720","PHD","AT2G36720"
"p05-r04-c16","AT1G16060","AP2-EREBP","ADAP"
"p05-r04-c17","AT3G12280","RB","ATRBR1"
"p05-r04-c18","AT1G33760","AP2-EREBP","ERF022"
"p05-r04-c19","AT1G05230","HB","HDG2"
"p05-r04-c20","AT5G64750","AP2-EREBP","ABR1"
"p05-r04-c21","AT5G56270","WRKY","ATWRKY2"
"p05-r04-c22","AT3G18990","ABI3-VP1","REM39"
"p05-r04-c23","AT3G20770","EIL","AtEIN3"
"p05-r04-c24","AT5G23280","TCP","AtTCP7"
"p05-r05-c01","AT2G39250","AP2-EREBP","SNZ"
"p05-r05-c02","AT4G32280","AUX-IAA","IAA29"
"p05-r05-c03","AT5G03220","MED7","MED7A"
"p05-r05-c04","AT5G51910","TCP","TCP19"
"p05-r05-c05","AT2G04740","TRAF","AT2G04740"
"p05-r05-c06","AT1G22810","AP2-EREBP","AT1G22810"
"p05-r05-c07","AT5G10510","AP2-EREBP","AIL6"
"p05-r05-c08","AT5G26630","MADS","AT5G26630"
"p05-r05-c09","AT1G76900","TUB","AtTLP1"
"p05-r05-c10","AT5G52600","MYB","AtMYB82"
"p05-r05-c11","AT3G28730","HMG","SSRP1"
"p05-r05-c12","AT3G50510","LOB","LBD28"
"p05-r05-c13","AT4G28030","GNAT","AT4G28030"
"p05-r05-c14","AT1G66810","C3H","AtC3H14"
"p05-r05-c15","AT1G62010","mTERF","AT1G62010"
"p05-r05-c16","AT5G15060","LOB","AT5G15060"
"p05-r05-c17","AT1G74120","mTERF","mTERF15"
"p05-r05-c18","AT1G53320","TUB","TLP7"
"p05-r05-c19","AT2G36000","mTERF","EMB3114"
"p05-r05-c20","AT1G20696","HMG","HMGB3"
"p05-r05-c21","AT1G79220","mTERF","AT1G79220"
"p05-r05-c22","AT1G04550","AUX-IAA","BDL"
"p05-r05-c23","AT2G23290","MYB","MYB70"
"p05-r05-c24","AT1G54390","PHD","ING2"
"p05-r06-c01","AT4G14770","CPP","TCX2"
"p05-r06-c02","AT3G61230","LIM","PLIM2c"
"p05-r06-c03","AT2G17410","ARID","AT2G17410"
"p05-r06-c04","AT3G05860","MADS","AT3G05860"
"p05-r06-c05","AT1G79350","PHD","EMB1135"
"p05-r06-c06","AT5G42640","C2H2","AT5G42640"
"p05-r06-c07","AT3G08020","PHD","AT3G08020"
"p05-r06-c08","AT2G15660","ND","AGL95"
"p05-r06-c09","AT3G10800","bZIP","BZIP28"
"p05-r06-c10","AT4G15250","C2C2-CO-like","BBX9"
"p05-r06-c11","AT5G43990","SET","SUVR2"
"p05-r06-c12","AT1G08880","CCAAT","H2AXA"
"p05-r06-c13","AT1G62310","JUMONJI","AT1G62310"
"p05-r06-c14","AT5G27880","C2H2","AT5G27880"
"p05-r06-c15","AT2G22300","CAMTA","SR1"
"p05-r06-c16","AT5G61620","MYB-related","AT5G61620"
"p05-r06-c17","AT3G19210","SNF2","CHR25"
"p05-r06-c18","AT3G07260","FHA","AT3G07260"
"p05-r06-c19","AT3G53680","PHD","AT3G53680"
"p05-r06-c20","AT3G48360","TRAF","ATBT2"
"p05-r06-c21","AT3G54350","FHA","emb1967"
"p05-r06-c22","AT1G12980","AP2-EREBP","ESR1"
"p05-r06-c23","AT1G10240","FAR1","FRS11"
"p05-r06-c24","AT3G08505","C3H","AT3G08505"
"p05-r07-c01","AT2G32100","OFP","ATOFP16"
"p05-r07-c02","AT5G51870","MADS","AGL71"
"p05-r07-c03","AT1G76590","PLATZ","AT1G76590"
"p05-r07-c04","AT5G62430","C2C2-DOF","CDF1"
"p05-r07-c05","AT2G46260","TRAF","LRB1"
"p05-r07-c06","AT1G28050","C2C2-CO-like","BBX13"
"p05-r07-c07","AT1G24210","Orphans","AT1G24210"
"p05-r07-c08","AT2G34710","HB","ATHB14"
"p05-r07-c09","AT3G63030","zf-CW","MBD4"
"p05-r07-c10","AT3G60400","mTERF","SHOT1"
"p05-r07-c11","AT1G43160","AP2-EREBP","RAP2.6"
"p05-r07-c12","AT3G24650","ABI3-VP1","ABI3"
"p05-r07-c13","AT4G17490","AP2-EREBP","ATERF6"
"p05-r07-c14","AT1G32870","NAC","ANAC013"
"p05-r07-c15","AT5G07500","C3H","PEI1"
"p05-r07-c16","AT3G20840","AP2-EREBP","PLT1"
"p05-r07-c17","AT5G41380","Orphans/","AT5G41380"
"p05-r07-c18","AT2G20110","CPP","AT2G20110"
"p05-r07-c19","AT3G53820","C2H2","AT3G53820"
"p05-r07-c20","AT1G25550","G2-like","AT1G25550"
"p05-r07-c21","AT4G18450","AP2-EREBP","AT4G18450"
"p05-r07-c22","AT4G32880","HB","ATHB-8"
"p05-r07-c23","AT1G16490","MYB","MYB58"
"p05-r07-c24","AT3G16350","MYB-related","AT3G16350"
"p05-r08-c01","AT4G38180","FAR1","FRS5"
"p05-r08-c02","AT5G28040","GeBP","AT5G28040"
"p05-r08-c03","AT4G37670","GNAT","NAGS2"
"p05-r08-c04","AT1G35240","ARF","ARF20"
"p05-r08-c05","AT1G62830","SWI/SNF-SWI3","LDL1"
"p05-r08-c06","AT3G50330","bHLH","HEC2"
"p05-r08-c07","AT3G10390","SWI/SNF-SWI3","FLD"
"p05-r08-c08","AT5G16820","HSF","HSFA1B"
"p05-r08-c09","AT5G19330","TRAF","ARIA"
"p05-r08-c10","AT4G38160","mTERF","pde191"
"p05-r08-c11","AT1G10170","zf-NF-X1","NFXL1"
"p05-r08-c12","AT5G46350","WRKY","ATWRKY8"
"p05-r08-c13","AT1G59890","Orphans","SNL5"
"p05-r08-c14","AT4G36060","bHLH","bHLH11"
"p05-r08-c15","AT5G52230","ND","MBD13"
"p05-r08-c16","AT1G72050","C2H2","TFIIIA"
"p05-r08-c17","AT4G32730","MYB","ATMYB3R-1"
"p05-r08-c18","AT1G63650","bHLH","EGL1"
"p05-r08-c19","AT5G05130","SNF2","AT5G05130"
"p05-r08-c20","AT5G60140","ABI3-VP1","AT5G60140"
"p05-r08-c21","AT5G27610","MYB-related","ALY1"
"p05-r08-c22","AT4G31920","ARR-B","ARR10"
"p05-r08-c23","AT4G00730","HB","AHDP"
"p05-r08-c24","AT5G08330","TCP","AtTCP21"
"p05-r09-c01","AT5G54470","Orphans","BBX29"
"p05-r09-c02","AT1G73100","SET","SUVH3"
"p05-r09-c03","AT2G34830","WRKY","AtWRKY35"
"p05-r09-c04","AT2G16910","bHLH","AMS"
"p05-r09-c05","AT5G62610","bHLH","AT5G62610"
"p05-r09-c06","AT1G32130","IWS1","IWS1"
"p05-r09-c07","AT3G24010","PHD","ATING1"
"p05-r09-c08","AT3G10500","NAC","ANAC053"
"p05-r09-c09","AT4G25990","Orphans/","CIL"
"p05-r09-c10","AT4G22070","WRKY","WRKY31"
"p05-r09-c11","AT1G32070","GNAT","NSI"
"p05-r09-c12","AT4G34000","bZIP","ABF3"
"p05-r09-c13","AT2G03340","WRKY","WRKY3"
"p05-r09-c14","AT3G54320","AP2-EREBP","ATWRI1"
"p05-r09-c15","AT1G22130","MADS","AGL104"
"p05-r09-c16","AT1G49010","MYB","AT1G49010"
"p05-r09-c17","AT1G54360","ND","TAF6B"
"p05-r09-c18","AT4G17695","G2-like","KAN3"
"p05-r09-c19","AT5G27090","MADS","AGL54"
"p05-r09-c20","AT2G10950","BSD","AT2G10950"
"p05-r09-c21","AT1G68800","TCP","BRC2"
"p05-r09-c22","AT2G44840","AP2-EREBP","ERF13"
"p05-r09-c23","AT5G17800","MYB","BRAVO"
"p05-r09-c24","AT5G02460","C2C2-DOF","AT5G02460"
"p05-r10-c01","AT1G19220","ARF","IAA22"
"p05-r10-c02","AT2G17600","ND","AT2G17600"
"p05-r10-c03","AT1G50410","SNF2","FRG2"
"p05-r10-c04","AT5G63080","JUMONJI","JMJ20"
"p05-r10-c05","AT4G00990","JUMONJI","AT4G00990"
"p05-r10-c06","AT3G59060","bHLH","PIF5"
"p05-r10-c07","AT2G17150","RWP-RK","NLP1"
"p05-r10-c08","AT1G67370","SWI/SNF-SWI3","ATASY1"
"p05-r10-c09","AT3G60030","SBP","SPL12"
"p05-r10-c10","AT2G39830","Orphans","DAR2"
"p05-r10-c11","AT2G02160","C3H","AtC3H17"
"p05-r10-c12","AT4G21340","ND","B70"
"p05-r10-c13","AT5G41410","HB","BEL1"
"p05-r10-c14","AT2G30130","LOB","PCK1"
"p05-r10-c15","AT5G28300","TRIHELIX","GT2L"
"p05-r10-c16","AT2G27760","C2H2","IPT2"
"p05-r10-c17","AT2G02090","SNF2","CHA19"
"p05-r10-c18","AT3G51950","C3H","AT3G51950"
"p05-r10-c19","AT4G04885","C2H2","PCFS4"
"p05-r10-c20","AT2G05330","TRAF","AT2G05330"
"p05-r10-c21","AT2G02070","C2H2","IDD5"
"p05-r10-c22","AT5G12850","C3H","AT5G12850"
"p05-r10-c23","AT1G09060","JUMONJI","JMJ24"
"p05-r10-c24","AT5G62940","C2C2-DOF","DOF5.6"
"p05-r11-c01","AT1G56650","MYB","AtPAP1"
"p05-r11-c02","AT4G36620","C2C2-GATA","GATA19"
"p05-r11-c03","AT3G61120","MADS","AGL13"
"p05-r11-c04","AT4G18170","WRKY","ATWRKY28"
"p05-r11-c05","AT1G20693","HMG","HMGB2"
"p05-r11-c06","AT3G57390","MADS","AGL18"
"p05-r11-c07","AT4G36780","BES1","BEH2"
"p05-r11-c08","AT5G13790","MADS","AGL15"
"p05-r11-c09","AT2G02080","C2H2","IDD4"
"p05-r11-c10","AT3G57040","Orphans","ATRR4"
"p05-r11-c11","AT4G28530","NAC","ANAC074"
"p05-r11-c12","AT5G38490","REM(B3)","AT5G38490"
"p05-r11-c13","AT4G38680","CSD","GRP2"
"p05-r11-c14","AT1G10586","bHLH","AT1G10586"
"p05-r11-c15","AT1G72310","ND","ATL3"
"p05-r11-c16","AT1G21780","TRAF","AT1G21780"
"p05-r11-c17","AT5G67000","AP2-EREBP","AT5G67000"
"p05-r11-c18","AT2G46400","WRKY","ATWRKY46"
"p05-r11-c19","AT1G07980","CCAAT","NF-YC10"
"p05-r11-c20","AT3G18650","MADS","AGL103"
"p05-r11-c21","AT3G23220","AP2-EREBP","ESE1"
"p05-r11-c22","AT1G32150","bZIP","AtbZIP68"
"p05-r11-c23","AT2G02740","PBF-2-like","PTAC11"
"p05-r11-c24","AT3G21810","C3H","AT3G21810"
"p05-r12-c01","AT3G52250","MYB","AT3G52250"
"p05-r12-c02","AT5G66300","NAC","ANAC105"
"p05-r12-c03","AT4G24020","RWP-RK","NLP7"
"p05-r12-c04","AT4G26640","WRKY","AtWRKY20"
"p05-r12-c05","AT5G53430","PHD","SDG29"
"p05-r12-c06","AT4G17230","GRAS","SCL13"
"p05-r12-c07","AT5G45260","WRKY","RRS1"
"p05-r12-c08","AT1G14440","zf-HD","FTM2"
"p05-r12-c09","AT3G18640","C3H","AT3G18640"
"p05-r12-c10","AT1G75410","HB","BLH3"
"p05-r12-c11","AT4G21430","Orphans","B160"
"p05-r12-c12","AT5G56780","HRT","ET2"
"p05-r12-c13","AT2G32250","FAR1","FRS2"
"p05-r12-c14","AT4G03250","HB","AT4G03250"
"p05-r12-c15","AT4G15090","FAR1","FAR1"
"p05-r12-c16","AT2G05160","C3H","AT2G05160"
"p05-r12-c17","AT3G01320","Orphans","SNL1"
"p05-r12-c18","AT3G53370","S1Fa-like","AT3G53370"
"p05-r12-c19","AT4G35270","RWP-RK","NLP2"
"p05-r12-c20","AT2G32930","C3H","ZFN2"
"p05-r12-c21","AT5G19310","SNF2","CHR23"
"p05-r12-c22","AT4G31690","ABI3-VP1","AT4G31690"
"p05-r12-c23","AT5G22750","SNF2","RAD5"
"p05-r12-c24","AT5G46915","ABI3-VP1","AT5G46915"
"p05-r13-c01","AT3G16870","C2C2-GATA","GATA17"
"p05-r13-c02","AT4G21030","C2C2-DOF","ATDOF4.2"
"p05-r13-c03","AT4G31620","ABI3-VP1","REM36"
"p05-r13-c04","AT3G01140","MYB","MYB106"
"p05-r13-c05","AT5G47140","C2C2-GATA","GATA27"
"p05-r13-c06","AT3G24500","MBF1","MBF1C"
"p05-r13-c07","AT5G58010","bHLH","LRL3"
"p05-r13-c08","AT4G01500","ABI3-VP1","NGA4"
"p05-r13-c09","AT5G18680","TUB","AtTLP11"
"p05-r13-c10","AT2G17870","CSD","ATCSP3"
"p05-r13-c11","AT1G50680","AP2-EREBP","AT1G50680"
"p05-r13-c12","AT2G21400","SRS","SRS3"
"p05-r13-c13","AT1G52890","NAC","NAC019"
"p05-r13-c14","AT2G21900","WRKY","ATWRKY59"
"p05-r13-c15","AT4G37260","MYB","ATMYB73"
"p05-r13-c16","AT5G05770","HB","WOX5A"
"p05-r13-c17","AT1G20910","ARID","AT1G20910"
"p05-r13-c18","AT5G64610","C2H2","HAM1"
"p05-r13-c19","AT3G01030","C2H2","AT3G01030"
"p05-r13-c20","AT4G32570","ZIM","TIFY8"
"p05-r13-c21","AT3G19500","ND","AT3G19500"
"p05-r13-c22","AT4G36740","HB","HB-5"
"p05-r13-c23","AT3G24820","BSD","AT3G24820"
"p05-r13-c24","AT5G50320","GNAT","HAC8"
"p05-r14-c01","AT5G46880","HB","HDG5"
"p05-r14-c02","AT4G12620","PHD","ATORC1B"
"p05-r14-c03","AT1G07530","GRAS","ATGRAS2"
"p05-r14-c04","AT2G33290","SET","SUVH2"
"p05-r14-c05","AT1G52150","HB","ATHB15"
"p05-r14-c06","AT1G33240","TRIHELIX","GTL1"
"p05-r14-c07","AT1G30490","HB","ATHB9"
"p05-r14-c08","AT2G45880","BES1","BMY4"
"p05-r14-c09","AT1G59750","ARF","ARF1"
"p05-r14-c10","AT3G13682","SWI/SNF-SWI3","LDL2"
"p05-r14-c11","AT3G05380","MYB-related","ALY2"
"p05-r14-c12","AT1G78280","JUMONJI","AT1G78280"
"p05-r14-c13","AT1G30810","JUMONJI","JMJ18"
"p05-r14-c14","AT2G27110","FAR1","FRS3"
"p05-r14-c15","AT4G34430","MYB-related","ATSWI3D"
"p05-r14-c16","AT1G09710","MYB-related","AT1G09710"
"p05-r14-c17","AT1G79840","HB","GL2"
"p05-r14-c18","AT1G09770","MYB","ATCDC5"
"p05-r14-c19","AT5G18830","SBP","SPL7"
"p05-r14-c20","AT1G21700","MYB-related","SWI3C"
"p05-r14-c21","AT5G66630","Orphans","DAR5"
"p05-r14-c22","AT2G46530","ARF","ARF11"
"p05-r14-c23","AT2G35940","HB","EDA29"
"p05-r14-c24","AT3G23150","Orphans","ETR2"
"p05-r15-c01","AT5G35330","ND","ATMBD2"
"p05-r15-c02","AT1G75540","Orphans","AtBBX21"
"p05-r15-c03","AT2G47700","ND","RFI2"
"p05-r15-c04","AT4G11400","ARID","AT4G11400"
"p05-r15-c05","AT4G24060","C2C2-DOF","AT4G24060"
"p05-r15-c06","AT2G46790","Pseudo","PRR9"
"p05-r15-c07","AT2G05900","SET","SUVH10"
"p05-r15-c08","AT5G06100","MYB","ATMYB33"
"p05-r15-c09","AT1G11510","GeBP","AT1G11510"
"p05-r15-c10","AT1G02230","NAC","ANAC004"
"p05-r15-c11","AT5G51980","C3H","AT5G51980"
"p05-r15-c12","AT4G14225","zf-AN1","AT4G14225"
"p05-r15-c13","AT2G17180","C2H2","DAZ1"
"p05-r15-c14","AT5G39810","MADS","AGL98"
"p05-r15-c15","AT3G55210","NAC","ANAC063"
"p05-r15-c16","AT4G17980","NAC","NAC071"
"p05-r15-c17","AT5G61470","C2H2","AT5G61470"
"p05-r15-c18","AT1G25310","bHLH","MEE8"
"p05-r15-c19","AT4G05630","ND","AT4G05630"
"p05-r15-c20","AT2G33500","C2C2-CO-like","BBX12"
"p05-r15-c21","AT4G31615","ABI3-VP1","REM35"
"p05-r15-c22","AT3G10113","MYB-related","AT3G10113"
"p05-r15-c23","AT5G24120","SIGMA70-like","SIGE"
"p05-r15-c24","AT4G25410","bHLH","AT4G25410"
"p05-r16-c01","AT5G45300","BES1","BAM8"
"p05-r16-c02","AT2G41450","GNAT","AT2G41450"
"p05-r16-c03","AT4G20400","JUMONJI","JMJ14"
"p05-r16-c04","AT1G65910","NAC","NAC028"
"p05-r16-c05","AT2G44430","MYB-related","AT2G44430"
"p05-r16-c06","AT2G23380","SET","CLF"
"p05-r16-c07","AT2G28450","C3H","AT2G28450"
"p05-r16-c08","AT1G24190","Orphans","ATSIN3"
"p05-r16-c09","AT5G51230","C2H2","CYR1"
"p05-r16-c10","AT5G15020","Orphans","SNL2"
"p05-r16-c11","AT2G18090","SWI/SNF-BAF60b","AT2G18090"
"p05-r16-c12","AT5G41580","zf-MIZ","PIAL2"
"p05-r16-c13","AT1G32810","PHD","AT1G32810"
"p05-r16-c14","AT5G16780","SART-1","DOT2"
"p05-r16-c15","AT5G52170","HB","HDG7"
"p05-r16-c16","AT2G38950","JUMONJI","AT2G38950"
"p05-r16-c17","AT5G65490","SGT1","AT5G65490"
"p05-r16-c18","AT2G19260","PHD","AT2G19260"
"p05-r16-c19","AT5G04940","SET","SUVH1"
"p05-r16-c20","AT5G08630","DDT","AT5G08630"
"p05-r16-c21","AT1G04050","SET","SUVR1"
"p05-r16-c22","AT3G05670","PHD","AT3G05670"
"p05-r16-c23","AT1G30460","C3H","ATCPSF30"
"p05-r16-c24","AT2G40950","bZIP","BZIP17"
"p06-r01-c01","AT2G30470","ABI3-VP1","VAL1"
"p06-r01-c02","AT1G20980","SBP","FBR6"
"p06-r01-c03","AT1G48310","SNF2","CHA18"
"p06-r01-c04","AT1G03750","SNF2","CHR9"
"p06-r01-c05","AT1G11950","JUMONJI","AT1G11950"
"p06-r01-c06","AT1G66340","Orphans","ETR"
"p06-r01-c07","AT1G77300","SET","CCR1"
"p06-r01-c08","AT1G79000","TAZ","PCAT2"
"p06-r01-c09","AT2G13370","SNF2","CHR5"
"p06-r01-c10","AT2G31650","PHD","ATX1"
"p06-r01-c11","AT3G22170","FAR1","FHY3"
"p06-r01-c12","AT5G45050","WRKY","WRKY16"
"p06-r01-c13","AT5G56930","C3H","EMB1789"
"p06-r01-c14","AT5G63420","TRIHELIX","emb2746"
"p06-r01-c15","AT3G12270","C2H2","PRMT3"
"p06-r01-c16","AT1G76880","TRIHELIX","DF1"
"p06-r01-c17","AT2G41900","C3H","OXS2"
"p06-r01-c18","AT5G07400","FHA","AT5G07400"
"p06-r01-c19","AT3G21430","MYB-related","ALY3"
"p06-r01-c20","AT5G18960","FAR1","FRS12"
"p06-r01-c21","AT3G06250","FAR1","FRS7"
"p06-r01-c22","AT1G76320","FAR1","FRS4"
"p06-r01-c23","AT5G11510","MYB","AtMYB3R4"
"p06-r01-c24","AT2G22740","SET","SDG23"
"p06-r02-c01","AT3G62240","C2H2","AT3G62240"
"p06-r02-c02","AT2G37520","PHD","AT2G37520"
"p06-r02-c03","AT4G13460","SET","SDG22"
"p06-r02-c04","AT4G16150","CAMTA","AT4G16150"
"p06-r02-c05","AT2G31280","bHLH","LL2"
"p06-r02-c06","AT2G21710","mTERF","EMB2219"
"p06-r02-c07","AT5G09410","CAMTA","EICBP.B"
"p06-r02-c08","AT2G35160","SET","SUVH5"
"p06-r02-c09","AT5G24470","Pseudo","APRR5"
"p06-r02-c10","AT5G02810","Pseudo","APRR7"
"p06-r02-c11","AT2G46830","MYB-related","CCA1"
"p06-r02-c12","AT5G61380","Pseudo","PRR1"
"p06-r02-c13","AT1G35460","bHLH","FBH1"
"p06-r02-c14","AT5G54680","bHLH","ILR3"
"p06-r02-c15","-","EV","EV"
"p06-r02-c16","-","EV","EV"
"p06-r02-c17","-","EV","EV"
"p06-r02-c18","-","EV","EV"
"p06-r02-c19","-","EV","EV"
